day,pSOL,nSOL,value of SOL in $,daily mint of fSOL,daily burn of fSOL,daily mint of xSOL,daily burn of xSOL,pX,nX,Marketcap xSOL,pF,nF,Marketcap fSOL,Total mcap,fSOL adjustment,Collaterization ratio
0,22.466,302.626190688151,6798.8,0,96,155,0,1.0,3524.9,3524.9,1,3273.9,3273.9,6798.8,0.0,2.0
1,23.876,301.9809647147459,7210.097513529273,118,0,0,119,1.1210539104287478,3405.9,3818.1975135292723,1,3391.9,3391.9,7210.097513529272,0.0,2.207001719316501
2,22.957,304.4474607400324,6989.200356208924,0,275,319,0,1.0395716277507916,3724.9,3872.300356208924,1,3116.9,3116.9,6989.200356208924,0.0,2.0438624390331146
3,24.971,318.5884397293166,7955.471928480764,205,0,123,0,1.2041820027757386,3847.9,4633.571928480765,1,3321.9,3321.9,7955.471928480765,0.0,2.4390764997720007
4,26.478,318.35088015739,8429.294604807374,108,0,0,86,1.3289546784357298,3761.9,4999.394604807372,1,3429.9,3429.9,8429.294604807372,0.0,2.5393855044260345
5,27.723,310.6956009743106,8613.414145810812,23,0,0,164,1.4343128341006735,3597.9,5160.514145810813,1,3452.9,3452.9,8613.414145810813,0.0,2.573148328115491
6,26.79,294.4746813614518,7888.9767136732935,0,88,0,256,1.3537438922987803,3341.9,4524.076713673294,1,3364.9,3364.9,7888.9767136732935,0.0,2.4105925888678446
7,27.812,311.0575763815439,8651.1333143235,171,0,201,0,1.4437983895462756,3542.9,5115.2333143235,1,3535.9,3535.9,8651.1333143235,0.0,2.4339296377380304
8,28.547,325.5529570970219,9293.560266248684,269,0,96,0,1.5083295133828036,3638.9,5488.660266248684,1,3804.9,3804.9,9293.560266248684,0.0,2.5113155442642423
9,27.75,316.980698806983,8796.214391893778,0,64,0,121,1.4370261780874323,3517.9,5055.3143918937785,1,3740.9,3740.9,8796.214391893778,0.0,2.374331666914336
10,26.465,320.5967687452491,8484.593484843017,0,10,80,0,1.3212411364526582,3597.9,4753.693484843019,1,3730.9,3730.9,8484.593484843019,0.0,2.242480203674732
11,27.001,335.536753131032,9059.827871290996,94,0,226,0,1.36900229380763,3823.9,5234.927871290996,1,3824.9,3824.9,9059.827871290996,0.0,2.3201997783083095
12,25.342,329.95189762399286,8361.640989587228,0,166,20,0,1.2234295870306788,3843.9,4702.740989587226,1,3658.9,3658.9,8361.640989587226,0.0,2.2231097277959195
13,25.096,336.22975478163704,8438.021925999963,184,0,0,22,1.202313489625569,3821.9,4595.121925999962,1,3842.9,3842.9,8438.021925999961,0.0,2.2631044365169104
14,28.3,334.7032709591762,9472.102568144688,0,15,0,19,1.4841837987180009,3802.9,5644.202568144686,1,3827.9,3827.9,9472.102568144686,0.0,2.4760732936897467
15,28.8,327.05479951826266,9419.178226125965,0,124,0,63,1.5281901190208196,3739.9,5715.278226125964,1,3703.9,3703.9,9419.178226125963,0.0,2.518209515301934
16,31.752,316.06523930071285,10035.703478276235,0,315,0,19,1.7863429488231972,3720.9,6646.803478276234,1,3388.9,3388.9,10035.703478276235,0.0,2.803705282082096
17,32.536,323.53569854273246,10526.557487786344,269,0,0,14,1.8529384358321896,3706.9,6868.657487786344,1,3657.9,3657.9,10526.557487786344,0.0,3.034465055294637
18,39.015,333.16829597249006,12998.5610673667,400,0,0,10,2.418421127800779,3696.9,8940.6610673667,1,4057.9,4057.9,12998.5610673667,0.0,3.4508174850719557
19,36.006,348.88231489563896,12561.856630132377,175,0,182,0,2.147247062345608,3878.9,8328.95663013238,1,4232.9,4232.9,12561.856630132379,0.0,2.9562230870118724
20,40.849,347.79807111899555,14207.203407139848,183,0,0,88,2.582844023092102,3790.9,9791.30340713985,1,4415.9,4415.9,14207.20340713985,0.0,3.3668392074398064
21,47.466,355.2847070989684,16863.943907159635,0,37,123,0,3.1899240928893517,3913.9,12485.043907159634,1,4378.9,4378.9,16863.943907159635,0.0,3.7384413695360506
22,44.5,347.63380629477103,15469.704380117311,0,63,0,95,2.920685113545081,3818.9,11153.80438011731,1,4315.9,4315.9,15469.70438011731,0.0,3.61053448717808
23,43.253,344.2415367567467,14889.479189339565,294,0,0,157,2.8071709192876826,3661.9,10279.579189339565,1,4609.9,4609.9,14889.479189339565,0.0,3.483909502923546
24,44.97,343.3108318592963,15438.688108712553,0,217,59,0,2.9685796739263495,3720.9,11045.788108712553,1,4392.9,4392.9,15438.688108712553,0.0,3.3581079650211287
25,42.637,352.11900019744274,15013.297811418366,538,0,0,59,2.753324179092375,3661.9,10082.397811418368,1,4930.9,4930.9,15013.297811418368,0.0,3.3321368430842537
26,42.586,338.011843423746,14394.572364043646,0,631,11,0,2.7484201486682585,3672.9,10094.672364043647,1,4299.9,4299.9,14394.572364043646,0.0,3.04109589373305
27,49.61,365.45778837472966,18130.36088127034,832,0,156,0,3.3948290321685963,3828.9,12998.460881270339,1,5131.9,5131.9,18130.36088127034,0.0,3.899804077362738
28,46.913,339.2191587351732,15913.78839374318,206,0,0,458,3.1374079307434752,3370.9,10575.88839374318,1,5337.9,5337.9,15913.78839374318,0.0,3.340813582888149
29,45.904,350.7933156007349,16102.816359336137,252,0,92,0,3.035870616921117,3462.9,10512.916359336135,1,5589.9,5589.9,16102.816359336135,0.0,2.917161479716629
30,42.705,366.66587615637025,15658.46624125779,187,0,181,0,2.7118104891072177,3643.9,9881.566241257791,1,5776.9,5776.9,15658.46624125779,0.0,2.67994571329172
31,44.883,360.89153391006636,16197.894716485509,0,139,0,41,2.9309708058745763,3602.9,10559.994716485511,1,5637.9,5637.9,16197.89471648551,0.0,2.8487708839561647
32,43.446,363.5666214488827,15795.515435468156,0,51,60,0,2.7870308868569045,3662.9,10208.615435468155,1,5586.9,5586.9,15795.515435468154,0.0,2.7810520907175973
33,43.001,353.09309769963943,15183.356294182195,0,113,0,123,2.7428617458634976,3539.9,9709.456294182195,1,5473.9,5473.9,15183.356294182195,0.0,2.7982831783141644
34,45.674,357.63280951614524,16334.520941840417,0,220,142,0,3.0094844894865194,3681.9,11080.620941840416,1,5253.9,5253.9,16334.520941840416,0.0,2.9461945129310605
35,44.304,350.22512773313866,15516.374059088976,0,705,131,0,2.8764127197379885,3812.9,10967.474059088976,1,4548.9,4548.9,15516.374059088976,0.0,3.0157719014072026
36,42.829,331.4339378864211,14194.98412573753,0,369,0,159,2.7409299996544876,3653.9,10015.084125737532,1,4179.9,4179.9,14194.984125737532,0.0,3.297454768335773
37,44.622,346.01770752141556,15440.002145020606,523,0,44,0,2.9035674693800826,3697.9,10737.102145020608,1,4702.9,4702.9,15440.002145020608,0.0,3.538181577637715
38,43.017,334.77825586494527,14401.156232542351,0,87,0,144,2.7533853604610004,3553.9,9785.25623254235,1,4615.9,4615.9,14401.15623254235,0.0,3.1649926055090973
39,40.233,320.90843491753094,12911.109062037021,0,284,0,110,2.4911318743392727,3443.9,8579.209062037022,1,4331.9,4331.9,12911.109062037021,0.0,2.9179864312949464
40,42.781,320.4506306650327,13709.198430480763,65,0,0,31,2.7285588298751096,3412.9,9312.298430480761,1,4396.9,4396.9,13709.198430480761,0.0,3.1692291498434617
41,43.455,310.93825720763175,13511.821966957637,11,0,0,152,2.791843345995779,3260.9,9103.921966957636,1,4407.9,4407.9,13511.821966957636,0.0,3.167045453739907
42,46.98,297.36950487611904,13970.419339080072,0,284,0,113,3.1279644649067864,3147.9,9846.519339080072,1,4123.9,4123.9,13970.419339080072,0.0,3.3140223969723768
43,46.837,301.20052895600725,14107.329174712513,86,0,30,0,3.1144558276574186,3177.9,9897.429174712512,1,4209.9,4209.9,14107.329174712511,0.0,3.3773601444949657
44,56.083,301.8231258847643,16927.146368995236,0,1,9,0,3.9907892839421484,3186.9,12718.246368995233,1,4208.9,4208.9,16927.146368995232,0.0,4.012501310111821
45,35.698,317.1126054203588,11320.285788295969,39,0,246,0,2.060178213258752,3432.9,7072.38578829597,1,4247.9,4247.9,11320.285788295969,0.0,2.559928234891377
46,44.748,319.04290414981796,14276.531874896053,69,0,6,0,2.896167924306043,3438.9,9959.631874896051,1,4316.9,4316.9,14276.53187489605,0.0,3.3405105740130927
47,38.667,359.0568097556294,13883.649662820922,759,0,338,0,2.3320049942600867,3776.9,8807.749662820921,1,5075.9,5075.9,13883.64966282092,0.0,2.8577062185274182
48,31.272,359.8288164086286,11252.566746730632,0,85,67,0,1.6289879410834394,3843.9,6261.666746730632,1,4990.9,4990.9,11252.566746730632,0.0,2.212105154687453
49,24.611,383.4478791723827,9437.035754311511,159,0,420,0,1.0054494135208405,4263.9,4287.135754311512,1,5149.9,5149.9,9437.035754311511,0.0,1.7743787694870181
50,30.637,388.28340798682837,11895.83877049246,0,118,172,0,1.5473610249312346,4435.9,6863.938770492463,1,5031.9,5031.9,11895.838770492463,0.0,2.281149667800208
51,29.944,391.1030399801244,11711.189429164844,468,0,0,258,1.48670131625095,4177.9,6211.289429164844,1,5499.9,5499.9,11711.189429164842,0.0,2.310609982065937
52,35.5,370.44628993537975,13150.843292705982,0,346,0,193,2.0068115367276422,3984.8999999999996,7996.943292705981,1,5153.9,5153.9,13150.84329270598,0.0,2.524438247839855
53,33.517,358.3162761457796,12009.686627578098,0,361,0,25,1.8224668874411214,3959.8999999999996,7216.786627578096,1,4792.9,4792.9,12009.686627578096,0.0,2.409097634755064
54,29.087,358.4244387582843,10425.491650162216,33,0,0,21,1.4216130519084555,3938.8999999999996,5599.591650162215,1,4825.9,4825.9,10425.491650162214,0.0,2.1745384890676402
55,26.9,364.9597026832913,9817.416002180536,0,246,345,0,1.222604636471565,4283.9,5237.516002180537,1,4579.9,4579.9,9817.416002180536,0.0,1.9978900106918602
56,28.519,361.53875616615255,10310.723787102505,214,0,0,229,1.3605326363418349,4054.8999999999996,5516.823787102506,1,4793.9,4793.9,10310.723787102506,0.0,2.272601096273889
57,32.724,354.06078620414075,11586.285167744301,0,210,0,20,1.7354544518437385,4034.8999999999996,7002.3851677443,1,4583.9,4583.9,11586.2851677443,0.0,2.467926793796528
58,31.002,340.20847961173473,10547.143284923,11,0,0,278,1.5843496725819157,3756.8999999999996,5952.243284922999,1,4594.9,4594.9,10547.143284922999,0.0,2.394596848513443
59,34.009,320.78930815963474,10909.723581201019,0,653,0,4,1.8566504786168085,3752.8999999999996,6967.82358120102,1,3941.8999999999996,3941.8999999999996,10909.723581201019,0.0,2.51804178178317
60,39.461,321.9268732137098,12703.556343886203,384,0,0,146,2.3226749685009853,3606.8999999999996,8377.656343886203,1,4325.9,4325.9,12703.556343886203,0.0,3.211311014811981
61,37.435,347.0808527714647,12992.971723499782,479,0,216,0,2.1418482627062656,3822.8999999999996,8188.071723499782,1,4804.9,4804.9,12992.97172349978,0.0,2.7858555442232205
62,39.559,343.23541309576,13578.049706655169,58,0,0,90,2.3346860903466933,3732.8999999999996,8715.149706655171,1,4862.9,4862.9,13578.04970665517,0.0,2.857535319108904
63,42.209,343.9113328914362,14516.153450014632,44,0,0,6,2.578350224050721,3726.8999999999996,9609.25345001463,1,4906.9,4906.9,14516.15345001463,0.0,2.979214779526401
64,38.272,353.1620410714142,13516.217635885163,436,0,0,37,2.2150512577265413,3689.8999999999996,8173.317635885164,1,5342.9,5342.9,13516.217635885165,0.0,2.6823808376818454
65,41.34,362.299085714262,14977.444203427593,24,0,141,0,2.508690961243466,3830.8999999999996,9610.544203427593,1,5366.9,5366.9,14977.444203427593,0.0,2.732545766885449
66,42.041,358.6401802891665,15077.591819536847,29,0,0,71,2.5749865207949276,3759.8999999999996,9681.691819536847,1,5395.9,5395.9,15077.591819536847,0.0,2.8380286315216026
67,41.124,347.4839570699869,14289.930250546142,0,317,0,57,2.4875179590445717,3702.8999999999996,9211.030250546144,1,5078.9,5078.9,14289.930250546144,0.0,2.7333195155973398
68,36.012,347.04399405982707,12497.748314082493,0,56,20,0,2.007802603906227,3722.8999999999996,7474.848314082492,1,5022.9,5022.9,12497.748314082492,0.0,2.463839071847126
69,36.402,324.13336878767007,11799.102890608767,0,464,0,181,2.044157906945077,3541.8999999999996,7240.202890608768,1,4558.9,4558.9,11799.102890608767,0.0,2.515099936643339
70,38.806,289.8247514391726,11246.93930434853,0,351,0,433,2.264157516918695,3108.8999999999996,7039.03930434853,1,4207.9,4207.9,11246.939304348529,0.0,2.7590689660168737
71,39.703,297.318231942957,11804.425762831224,0,111,174,0,2.3477796347227224,3282.8999999999996,7707.525762831225,1,4096.9,4096.9,11804.425762831224,0.0,2.734597330352307
72,39.592,307.55735099636814,12176.810640648207,22,0,164,0,2.33772683879666,3446.8999999999996,8057.910640648207,1,4118.9,4118.9,12176.810640648207,0.0,2.87325134591656
73,39.334,324.65309957962404,12769.905018864933,272,0,173,0,2.314706212565246,3619.8999999999996,8379.005018864933,1,4390.9,4390.9,12769.905018864933,0.0,2.937061070696338
74,39.4,311.9791443825446,12291.978288672255,0,77,0,182,2.320625465741371,3437.8999999999996,7978.078288672258,1,4313.9,4313.9,12291.978288672257,0.0,2.913145852430524
75,36.65,318.9536504736999,11689.6512898611,0,316,276,0,2.0710711892784137,3713.8999999999996,7691.7512898611,1,3997.8999999999996,3997.8999999999996,11689.6512898611,0.0,2.6505101281022414
76,35.283,313.3080647895969,11054.448449971349,0,123,0,39,1.953671786979605,3674.8999999999996,7179.548449971349,1,3874.8999999999996,3874.8999999999996,11054.448449971349,0.0,2.814888228735975
77,35.32,305.2601913648199,10781.789959005439,0,69,0,110,1.9568262669374854,3564.8999999999996,6975.889959005441,1,3805.8999999999996,3805.8999999999996,10781.78995900544,0.0,2.8558261757383585
78,26.601,317.41623602721575,8443.589294559966,91,0,192,0,1.2102236670020405,3756.8999999999996,4546.689294559966,1,3896.8999999999996,3896.8999999999996,8443.589294559966,0.0,2.133588993535189
79,26.685,298.5403668776842,7966.549690131003,0,623,98,0,1.2173207320892898,3854.8999999999996,4692.649690131003,1,3273.8999999999996,3273.8999999999996,7966.5496901310025,0.0,2.1735872766522757
80,30.855,288.0950129575274,8889.171624804507,0,139,0,119,1.5402638252641954,3735.8999999999996,5754.271624804507,1,3134.8999999999996,3134.8999999999996,8889.171624804507,0.0,2.813605491924294
81,31.245,286.46239995047705,8950.517686452657,139,0,0,121,1.5703387884734454,3614.8999999999996,5676.617686452657,1,3273.8999999999996,3273.8999999999996,8950.517686452657,0.0,2.871392605779433
82,28.797,291.5461797815112,8395.65533916818,251,0,0,76,1.376347265864585,3538.8999999999996,4870.7553391681795,1,3524.8999999999996,3524.8999999999996,8395.65533916818,0.0,2.5197036352282867
83,29.554,320.34945421471883,9467.6077698618,552,0,208,0,1.43871140672604,3746.8999999999996,5390.707769861799,1,4076.8999999999996,4076.8999999999996,9467.6077698618,0.0,2.4444255999497244
84,31.821,300.87605762236325,9574.177029601222,0,476,0,88,1.6325335564243961,3658.8999999999996,5973.277029601222,1,3600.8999999999996,3600.8999999999996,9574.177029601222,0.0,2.500389997931411
85,32.99,317.4337467624997,10472.139305694865,363,0,106,0,1.7286619314443588,3764.8999999999996,6508.239305694866,1,3963.8999999999996,3963.8999999999996,10472.139305694865,0.0,2.7565056349695256
86,33.885,325.35714680214545,11024.726919390698,0,31,166,0,1.8041229538758807,3930.8999999999996,7091.826919390699,1,3932.8999999999996,3932.8999999999996,11024.726919390698,0.0,2.7135504198005256
87,35.536,316.6057134044462,11250.9006315404,17,0,0,169,1.9407747764534946,3761.8999999999996,7301.000631540401,1,3949.8999999999996,3949.8999999999996,11250.9006315404,0.0,2.939787833090351
88,33.375,328.0419612795225,10948.400457704065,197,0,105,0,1.7589025983873556,3866.8999999999996,6801.5004577040645,1,4146.9,4146.9,10948.400457704065,0.0,2.6751856211229126
89,34.0,308.185262290495,10478.298917876831,0,291,0,212,1.8119234227685657,3654.8999999999996,6622.39891787683,1,3855.8999999999996,3855.8999999999996,10478.29891787683,0.0,2.689581780005249
90,34.801,311.4981030662996,10840.445484810294,151,0,0,19,1.879464640064439,3635.8999999999996,6833.545484810294,1,4006.8999999999996,4006.8999999999996,10840.445484810294,0.0,2.781492080440758
91,34.36,324.8181638216058,11160.752108910376,198,0,141,0,1.8416828904419968,3776.8999999999996,6955.852108910377,1,4204.9,4204.9,11160.752108910376,0.0,2.6711609526961135
92,32.966,319.2775179274762,10525.30265599718,98,0,0,163,1.7217971321832877,3613.8999999999996,6222.402655997183,1,4302.9,4302.9,10525.302655997182,0.0,2.5465422693864443
93,33.643,329.7751600906738,11094.625710930539,0,37,219,0,1.7816081063765137,3832.8999999999996,6828.725710930538,1,4265.9,4265.9,11094.625710930537,0.0,2.496328879507793
94,36.537,318.52493821634056,11637.945667610435,0,76,0,165,2.030602161348574,3667.8999999999996,7448.045667610434,1,4189.9,4189.9,11637.945667610435,0.0,2.82449073448345
95,32.902,303.27327338355406,9978.297240865695,0,248,0,148,1.7149342995158097,3519.8999999999996,6036.397240865698,1,3941.8999999999996,3941.8999999999996,9978.297240865697,0.0,2.5012786742390123
96,33.364,292.6290111139222,9763.2743268049,0,120,0,134,1.7547400474925132,3385.8999999999996,5941.3743268049,1,3821.8999999999996,3821.8999999999996,9763.2743268049,0.0,2.5668863982264636
97,31.73,305.3534811530462,9688.865956986156,52,0,218,0,1.6135203410156098,3603.8999999999996,5814.965956986156,1,3873.8999999999996,3873.8999999999996,9688.865956986156,0.0,2.429450933474124
98,32.115,304.6272319715627,9783.103554766736,0,76,32,0,1.646140860520569,3635.8999999999996,5985.2035547667365,1,3797.8999999999996,3797.8999999999996,9783.103554766736,0.0,2.5314094445468593
99,30.88,305.61836865651713,9437.495224113249,316,0,0,185,1.5426686441546404,3450.8999999999996,5323.595224113248,1,4113.9,4113.9,9437.495224113249,0.0,2.4768658793759335
100,29.052,317.25058278865225,9216.763931175925,233,0,76,0,1.3807774337735481,3526.8999999999996,4869.863931175926,1,4346.9,4346.9,9216.763931175927,0.0,2.1582500416172334
101,31.259,323.77803649517165,10120.97764280257,253,0,0,31,1.579300793158434,3495.8999999999996,5521.077642802568,1,4599.9,4599.9,10120.977642802569,0.0,2.281381206696837
102,28.456,325.5820947764612,9264.76408895898,0,400,342,0,1.3196967323168871,3837.8999999999996,5064.864088958981,1,4199.9,4199.9,9264.76408895898,0.0,2.002962631036893
103,26.307,328.59696398602983,8644.400331580486,0,569,570,0,1.1373897619230218,4407.9,5013.500331580487,1,3630.8999999999996,3630.8999999999996,8644.400331580488,0.0,2.0393552625739577
104,26.715,328.3509358042949,8771.89525001174,0,274,229,0,1.1678050529473871,4636.9,5414.995250011739,1,3356.8999999999996,3356.8999999999996,8771.895250011738,0.0,2.417711281744688
105,26.726,341.10547646108245,9116.384963898889,9,0,284,0,1.1685839915257146,4920.9,5750.484963898888,1,3365.8999999999996,3365.8999999999996,9116.384963898887,0.0,2.614169951534328
106,24.495,342.4760167425461,8388.950030108666,0,8,41,0,1.013936199864703,4961.9,5031.0500301086695,1,3357.8999999999996,3357.8999999999996,8388.95003010867,0.0,2.482360927512468
107,23.482,350.61897790879516,8233.234839254328,0,75,282,0,0.944017780517235,5243.9,4950.334839254328,1,3282.8999999999996,3282.8999999999996,8233.234839254328,0.0,2.394955723859695
108,26.641,375.67523846826697,10008.3640280331,232,0,377,0,1.1552356434081907,5620.9,6493.464028033099,1,3514.8999999999996,3514.8999999999996,10008.364028033098,0.0,2.8453014683567
109,27.748,372.3741284353655,10332.637315824522,0,201,89,0,1.2292224585061953,5709.9,7018.737315824524,1,3313.8999999999996,3313.8999999999996,10332.637315824522,0.0,2.965727763810485
110,28.47,368.20771210882594,10482.873563738274,0,28,0,71,1.2763080678391665,5638.9,7196.9735637382755,1,3285.8999999999996,3285.8999999999996,10482.873563738274,0.0,3.1990981733168944
111,28.72,332.7866284646937,9557.631969506003,212,0,0,951,1.292632515519956,4687.9,6059.731969506001,1,3497.8999999999996,3497.8999999999996,9557.631969506001,0.0,3.218273682024858
112,28.133,313.3999945935431,8816.882047900148,0,20,0,420,1.250962311183521,4267.9,5338.982047900149,1,3477.8999999999996,3477.8999999999996,8816.882047900148,0.0,2.6765448465071127
113,28.251,298.6540100429798,8437.274437724222,0,176,0,191,1.2596272750678759,4076.8999999999996,5135.374437724223,1,3301.8999999999996,3301.8999999999996,8437.274437724223,0.0,2.545749805130161
114,28.018,295.7844167621798,8287.287788842754,0,22,0,47,1.2425588200309572,4029.8999999999996,5007.387788842754,1,3279.8999999999996,3279.8999999999996,8287.287788842754,0.0,2.534203959351952
115,27.857,298.7666205739685,8322.741749329041,8,0,61,0,1.2307418292622752,4090.8999999999996,5034.841749329041,1,3287.8999999999996,3287.8999999999996,8322.741749329041,0.0,2.512170034984006
116,31.268,296.27756207135906,9264.006810847255,45,0,0,83,1.4798539910794322,4007.8999999999996,5931.1068108472555,1,3332.8999999999996,3332.8999999999996,9264.006810847255,0.0,2.8412770133236562
117,32.356,300.87644367622033,9735.158211587786,141,0,5,0,1.5602826413785011,4012.8999999999996,6261.258211587787,1,3473.8999999999996,3473.8999999999996,9735.158211587786,0.0,2.876280956038553
118,36.709,307.4083676659282,11284.653768648559,336,0,0,51,1.8866588678786846,3961.8999999999996,7474.75376864856,1,3809.8999999999996,3809.8999999999996,11284.65376864856,0.0,3.1793872509025514
119,34.276,304.8715393629508,10449.776883204502,0,289,119,0,1.6978796057743402,4080.8999999999996,6928.876883204504,1,3520.8999999999996,3520.8999999999996,10449.776883204504,0.0,2.7656183128474128
120,33.169,307.46327428030656,10198.249344603488,0,187,169,0,1.6151790264720316,4249.9,6864.349344603486,1,3333.8999999999996,3333.8999999999996,10198.249344603486,0.0,2.8720736428554385
121,33.96,292.79900984397784,9943.454374301487,0,207,0,174,1.6724047141248528,4075.8999999999996,6816.554374301487,1,3126.8999999999996,3126.8999999999996,9943.454374301487,0.0,3.1319034147872498
122,35.706,274.3459795683198,9795.797546466429,0,231,0,238,1.7978315084985095,3837.8999999999996,6899.897546466429,1,2895.8999999999996,2895.8999999999996,9795.797546466429,0.0,3.3434652356932024
123,37.408,273.24689760666797,10221.619945670236,0,20,0,11,1.9194961837702151,3826.8999999999996,7345.719945670236,1,2875.8999999999996,2875.8999999999996,10221.619945670234,0.0,3.5438842514215647
124,39.497,260.4661238978082,10287.63049559173,122,0,0,303,2.0686541887090244,3523.8999999999996,7289.730495591731,1,2997.8999999999996,2997.8999999999996,10287.63049559173,0.0,3.7527148770021785
125,39.426,274.3113625498809,10814.999779891607,290,0,124,0,2.063406283037256,3647.8999999999996,7527.099779891605,1,3287.8999999999996,3287.8999999999996,10814.999779891605,0.0,3.4254436107925503
126,37.668,242.2386955180981,9124.64718277572,0,341,0,449,1.9312098480026636,3198.8999999999996,6177.74718277572,1,2946.8999999999996,2946.8999999999996,9124.64718277572,0.0,3.14266261277074
127,38.722,215.1062495213481,8329.344193965642,0,25,0,510,2.011024654678732,2688.8999999999996,5407.444193965642,1,2921.8999999999996,2921.8999999999996,8329.34419396564,0.0,3.1829945935904833
128,40.596,216.0737508818474,8771.729990799477,0,45,39,0,2.1609406469443444,2727.8999999999996,5894.829990799476,1,2876.8999999999996,2876.8999999999996,8771.729990799475,0.0,2.9886215495289528
129,41.792,213.8725162145128,8938.16019763692,5,0,0,43,2.2556744004011025,2684.8999999999996,6056.260197636919,1,2881.8999999999996,2881.8999999999996,8938.160197636918,0.0,3.138848829244731
130,41.1,221.41536360432013,9100.171444137557,266,0,20,0,2.2005513860540344,2704.8999999999996,5952.271444137557,1,3147.8999999999996,3147.8999999999996,9100.171444137557,0.0,3.0501267970493346
131,44.821,225.07665709808862,10088.16084779343,114,0,20,0,2.5051417842098536,2724.8999999999996,6826.260847793429,1,3261.8999999999996,3261.8999999999996,10088.160847793428,0.0,3.1525963379107447
132,44.043,208.13026191875878,9166.681125687892,0,163,0,239,2.440879007879598,2485.8999999999996,6067.781125687892,1,3098.8999999999996,3098.8999999999996,9166.681125687892,0.0,3.0390420333459387
133,53.714,203.9640476782949,10955.724856991932,0,32,0,59,3.2505768086826543,2426.8999999999996,7888.824856991932,1,3066.8999999999996,3066.8999999999996,10955.724856991932,0.0,3.6075732965582015
134,62.137,205.23954850975534,12752.969825750668,0,87,42,0,3.9584713134394547,2468.8999999999996,9773.069825750668,1,2979.8999999999996,2979.8999999999996,12752.969825750668,0.0,4.132418412920607
135,64.0,203.05975996717143,12995.824637898972,0,230,22,0,4.113342421574119,2490.8999999999996,10245.924637898972,1,2749.8999999999996,2749.8999999999996,12995.824637898972,0.0,4.407977148435969
136,72.578,192.9799528945139,14006.09902117803,0,361,0,77,4.812626463887498,2413.8999999999996,11617.19902117803,1,2388.8999999999996,2388.8999999999996,14006.09902117803,0.0,5.359348070437968
137,72.7,192.20685448551916,13973.438321097243,74,0,0,27,4.822379790145061,2386.8999999999996,11510.538321097245,1,2462.8999999999996,2462.8999999999996,13973.438321097245,0.0,5.872846320662716
138,78.714,194.24037603238907,15289.436959013472,107,0,10,0,5.306661504031655,2396.8999999999996,12719.53695901347,1,2569.8999999999996,2569.8999999999996,15289.43695901347,0.0,6.142908905750602
139,73.907,197.7345421367774,14613.966805702807,332,0,0,15,4.917111048197997,2381.8999999999996,11712.066805702807,1,2901.8999999999996,2901.8999999999996,14613.966805702807,0.0,5.586101977285412
140,72.846,183.66066444020396,13378.944761811099,0,156,0,180,4.829031637136609,2201.8999999999996,10633.044761811097,1,2745.8999999999996,2745.8999999999996,13378.944761811097,0.0,4.9637032483875005
141,75.553,183.4800669516401,13862.469498397264,138,0,0,30,5.054822735115461,2171.8999999999996,10978.569498397268,1,2883.8999999999996,2883.8999999999996,13862.469498397268,0.0,5.0533938528171936
142,70.671,177.94644841374253,12575.6534558476,0,340,0,11,4.642395971978159,2160.8999999999996,10031.753455847602,1,2543.8999999999996,2543.8999999999996,12575.653455847601,0.0,4.496244603328604
143,72.056,175.67131514536888,12658.1722841147,0,26,0,29,4.7564483719286565,2131.8999999999996,10140.2722841147,1,2517.8999999999996,2517.8999999999996,12658.1722841147,0.0,5.040335424702477
144,75.169,177.026901815748,13306.935182587962,528,0,0,85,5.012963594991432,2046.8999999999996,10261.03518258796,1,3045.8999999999996,3045.8999999999996,13306.93518258796,0.0,5.244464469662113
145,87.97,178.1131726621337,15668.615799087902,169,0,0,12,6.12006280362077,2034.8999999999996,12453.715799087902,1,3214.8999999999996,3214.8999999999996,15668.615799087902,0.0,5.1127931162321
146,96.72,176.97559501398663,17117.079549752787,0,172,9,0,6.885943319023822,2043.8999999999996,14074.179549752787,1,3042.8999999999996,3042.8999999999996,17117.079549752787,0.0,5.35852003480095
147,94.2,160.24906455350617,15095.461880940282,318,0,0,284,6.667743554145283,1759.8999999999996,11734.561880940282,1,3360.8999999999996,3360.8999999999996,15095.461880940282,0.0,5.478688438764844
148,110.241,161.41573477701277,17794.632017552663,153,0,0,3,8.128369296802704,1756.8999999999996,14280.732017552667,1,3513.8999999999996,3513.8999999999996,17794.632017552667,0.0,5.256335245155487
149,108.32,158.80053765412572,17201.274238694896,0,164,0,15,7.95187682340829,1741.8999999999996,13851.374238694898,1,3349.8999999999996,3349.8999999999996,17201.274238694896,0.0,4.975825262826496
150,111.06,142.97135575867844,15878.398770558828,153,0,0,233,8.201669276001612,1508.8999999999996,12375.498770558828,1,3502.8999999999996,3502.8999999999996,15878.398770558828,0.0,5.26475050355748
151,128.071,141.91712849314183,18175.468563245166,22,0,0,16,9.813496257783623,1492.8999999999996,14650.568563245166,1,3524.8999999999996,3524.8999999999996,18175.468563245166,0.0,5.227235862676556
152,146.14,137.12271353953886,20039.113356668207,0,643,0,5,11.531160263907665,1487.8999999999996,17157.21335666821,1,2881.8999999999996,2881.8999999999996,20039.11335666821,0.0,5.883789372177295
153,139.09,136.583828176705,18997.4446610979,480,0,0,51,10.881442453265988,1436.8999999999996,15635.544661097894,1,3361.8999999999996,3361.8999999999996,18997.444661097892,0.0,6.617994457203395
154,142.13,136.95249755982954,19465.058478178573,354,0,0,27,11.170408169500373,1409.8999999999996,15749.158478178571,1,3715.8999999999996,3715.8999999999996,19465.058478178573,0.0,5.774311995822328
155,164.17,139.66717983998177,22929.160914329805,246,0,15,0,13.311292662172649,1424.8999999999996,18967.260914329803,1,3961.8999999999996,3961.8999999999996,22929.160914329805,0.0,6.050618026426227
156,173.03,139.48399711829043,24134.916021377794,181,0,0,15,14.179740422283706,1409.8999999999996,19992.016021377793,1,4142.9,4142.9,24134.916021377794,0.0,6.099753180976816
157,190.69,142.07702459730083,27092.667820459297,160,0,21,0,15.926876665356984,1430.8999999999996,22789.767820459303,1,4302.9,4302.9,27092.667820459304,0.0,6.420189579880471
158,192.1,140.44381876373834,26979.257584514133,104,0,0,26,16.06687848566741,1404.8999999999996,22572.35758451414,1,4406.9,4406.9,26979.25758451414,0.0,6.3429306805041925
159,179.15,138.11743135557646,24743.737827351524,0,402,0,1,14.772304172199965,1403.8999999999996,20738.837827351526,1,4004.8999999999996,4004.8999999999996,24743.737827351528,0.0,5.709344466977631
160,178.35,138.8268903077675,24759.775886390336,200,0,0,5,14.693599175345154,1398.8999999999996,20554.87588639033,1,4204.9,4204.9,24759.77588639033,0.0,6.15077626963646
161,174.37,130.86245689866067,22818.486609419462,84,0,0,103,14.298623820834534,1295.8999999999996,18529.586609419468,1,4288.9,4288.9,22818.486609419466,0.0,5.756913330392024
162,169.47,134.3992086114122,22776.633883376027,696,0,0,7,13.803812462856724,1288.8999999999996,17791.733883376026,1,4984.9,4984.9,22776.633883376024,0.0,5.170850467629468
163,158.0,125.48984290486746,19827.395178969058,17,0,0,113,12.607785678177619,1175.8999999999996,14825.495178969057,1,5001.9,5001.9,19827.395178969055,0.0,4.2598798292048246
164,158.619,123.40158829152148,19573.836533212845,87,0,0,33,12.673844197403842,1142.8999999999996,14484.936533212845,1,5088.9,5088.9,19573.836533212845,0.0,3.9795024674078197
165,152.211,119.3721001126681,18169.746730249324,0,170,0,37,11.981957437606773,1105.8999999999996,13250.846730249326,1,4918.9,4918.9,18169.746730249324,0.0,3.690990028383497
166,147.416,121.71336462670052,17942.497359809684,712,0,0,32,11.464379699981087,1073.8999999999996,12311.597359809686,1,5630.9,5630.9,17942.497359809684,0.0,3.5774985281687126
167,169.399,120.25960926338873,20371.857549608787,0,330,6,0,13.955882535057686,1079.8999999999996,15070.957549608791,1,5300.9,5300.9,20371.85754960879,0.0,3.661603341277317
168,152.704,119.18626931984923,18200.220070218256,0,176,1,0,12.096697261743234,1080.8999999999996,13075.320070218257,1,5124.9,5124.9,18200.220070218256,0.0,3.464340654031677
169,132.502,121.415535022063,16087.801221493391,98,0,20,0,9.869108203736394,1100.8999999999996,10864.901221493392,1,5222.9,5222.9,16087.801221493391,0.0,3.081507747940187
170,123.881,123.25353367696611,15268.77100543624,85,0,16,0,8.918319460503398,1116.8999999999996,9960.871005436242,1,5307.9,5307.9,15268.771005436241,0.0,2.8798326397342833
171,148.048,127.60527794834337,18891.70618969634,540,0,9,0,11.585226209873294,1125.8999999999996,13043.806189696337,1,5847.9,5847.9,18891.706189696335,0.0,3.4377887966629888
172,149.87,121.00369415182851,18134.82364253454,0,105,0,75,11.79172484778242,1050.8999999999996,12391.92364253454,1,5742.9,5742.9,18134.82364253454,0.0,3.2702684734893253
173,139.268,130.97174490730566,18240.172969750645,88,0,123,0,10.570979614746273,1173.8999999999996,12409.272969750646,1,5830.9,5830.9,18240.172969750645,0.0,2.9343959458003543
174,136.086,127.94055548549719,17410.918433799372,37,0,0,44,10.215964628550646,1129.8999999999996,11543.01843379937,1,5867.9,5867.9,17410.918433799372,0.0,3.0567186673507694
175,135.753,127.18342610673879,17265.53164426811,0,1,0,10,10.178258455458627,1119.8999999999996,11398.631644268113,1,5866.9,5866.9,17265.531644268114,0.0,2.9598858584540806
176,136.374,124.01770523137873,16912.79053322404,0,196,0,23,10.248783419841413,1096.8999999999996,11241.890533224041,1,5670.9,5670.9,16912.79053322404,0.0,2.9563334217185218
177,132.104,125.63814400069583,16597.301375067924,0,284,51,0,9.766008689840517,1147.8999999999996,11210.401375067926,1,5386.9,5386.9,16597.301375067924,0.0,2.8890008520492443
178,135.283,123.79379466632099,16747.1959238439,772,0,0,101,10.113951594081483,1046.8999999999996,10588.2959238439,1,6158.9,6158.9,16747.1959238439,0.0,3.155192232052968
179,141.36,129.00814944613867,18236.592005706163,0,162,83,0,10.832544478012363,1129.8999999999996,12239.692005706165,1,5996.9,5996.9,18236.592005706167,0.0,2.841333811887048
180,161.623,128.60292569760537,20785.190660024073,0,381,24,0,13.146105087116801,1153.8999999999996,15169.290660024073,1,5615.9,5615.9,20785.190660024073,0.0,3.476910426709345
181,169.08,126.74527707488708,21430.09144782191,0,370,4,0,13.97719271769748,1157.8999999999996,16184.191447821908,1,5245.9,5245.9,21430.091447821906,0.0,3.8718963437652234
182,172.745,125.96440444465588,21759.72104579208,0,63,0,5,14.378368501857999,1152.8999999999996,16576.821045792083,1,5182.9,5182.9,21759.72104579208,0.0,4.1736618861017885
183,167.116,122.39939157616041,20454.896722641624,0,59,0,39,13.763351039268906,1113.8999999999996,15330.99672264163,1,5123.9,5123.9,20454.896722641628,0.0,4.061561560742657
184,164.619,113.13903740583119,18624.835198710523,0,216,0,97,13.488971579025009,1016.8999999999996,13716.935198710526,1,4907.9,4907.9,18624.835198710527,0.0,3.9324080176966674
185,153.895,113.06856192787401,17400.686337890173,149,0,0,13,12.29583259078611,1003.8999999999996,12343.786337890171,1,5056.9,5056.9,17400.68633789017,0.0,3.5476542231036476
186,154.209,108.50601673694163,16732.604334987034,0,235,0,38,12.331198193381342,965.8999999999996,11910.704334987033,1,4821.9,4821.9,16732.60433498703,0.0,3.447999736268371
187,158.589,105.69565821416406,16762.168740526064,157,0,0,47,12.823232931250484,918.8999999999996,11783.268740526064,1,4978.9,4978.9,16762.168740526064,0.0,3.568688833923316
188,156.755,110.96502761226938,17394.322903361288,826,0,0,0,12.612278706454772,918.8999999999996,11589.422903361285,1,5804.9,5804.9,17394.322903361284,0.0,3.32770750634905
189,147.738,114.12236935852052,16860.210604289103,0,6,41,0,11.52339890018659,959.8999999999996,11061.310604289103,1,5798.9,5798.9,16860.210604289103,0.0,2.8241229391344302
190,144.889,106.72643277854621,15463.486118850784,0,188,0,79,11.184681710580982,880.8999999999996,9852.586118850782,1,5610.9,5610.9,15463.486118850782,0.0,2.851415953713063
191,152.518,107.90338619768437,16457.208656098424,0,99,23,0,12.108981807830986,903.8999999999996,10945.308656098425,1,5511.9,5511.9,16457.208656098424,0.0,2.9010857571010553
192,148.125,109.79430239020762,16263.281041549504,199,0,7,0,11.584565859643769,910.8999999999996,10552.381041549505,1,5710.9,5710.9,16263.281041549504,0.0,2.8997603513365626
193,149.98,115.38873392678842,17306.002314339727,473,0,31,0,11.808156188915735,941.8999999999996,11122.102314339727,1,6183.9,6183.9,17306.002314339727,0.0,2.883424586752235
194,163.171,122.20348018956128,19940.064066010902,1018,0,7,0,13.424137491844144,948.8999999999996,12738.164066010904,1,7201.9,7201.9,19940.064066010906,0.0,3.044695920627435
195,157.403,120.89194687112898,19028.755113356314,174,0,0,30,12.681309297373295,918.8999999999996,11652.855113356316,1,7375.9,7375.9,19028.755113356317,0.0,2.6708499690744825
196,160.077,117.71789647780024,18843.927714476828,0,78,0,33,13.033104994329872,885.8999999999996,11546.027714476828,1,7297.9,7297.9,18843.927714476828,0.0,2.623682557964413
197,157.217,115.82450279227488,18209.58085549308,6,0,0,24,12.653069794051618,861.8999999999996,10905.680855493085,1,7303.9,7303.9,18209.580855493085,0.0,2.535969872230412
198,155.857,114.8904136636295,17906.475202372305,29,0,0,14,12.470309237377414,847.8999999999996,10573.575202372305,1,7332.9,7332.9,17906.475202372305,0.0,2.4715644425164074
199,176.81,110.29808162018924,19501.803811265658,275,0,0,71,15.30943983944609,776.8999999999996,11893.903811265662,1,7607.9,7607.9,19501.80381126566,0.0,2.7702237913876275
200,190.429,109.92666302662667,20933.22451349749,0,19,0,3,17.24295711784145,773.8999999999996,13344.324513497491,1,7588.9,7588.9,20933.22451349749,0.0,2.7608082893901096
201,196.174,105.99942760132443,20794.33171026222,277,0,0,58,18.058991074538657,715.8999999999996,12928.431710262217,1,7865.9,7865.9,20794.331710262217,0.0,2.841617782891521
202,197.776,100.88197870722004,19952.034220799153,0,573,0,24,18.296190520016133,691.8999999999996,12659.134220799155,1,7292.9,7292.9,19952.034220799156,0.0,2.665193149325512
203,202.394,102.61772607781712,20769.21205179372,541,0,0,10,18.96951466753736,681.8999999999996,12935.312051793719,1,7833.9,7833.9,20769.21205179372,0.0,2.799696581396851
204,209.698,103.67475383728389,21740.388530170756,322,0,0,5,20.068678579067466,676.8999999999996,13584.48853017076,1,8155.9,8155.9,21740.38853017076,0.0,2.746873450397133
205,199.744,104.33523190990404,20840.336562611872,373,0,0,13,18.544112912504712,663.8999999999996,12311.43656261187,1,8528.9,8528.9,20840.33656261187,0.0,2.53907110563818
206,184.397,101.71987206680588,18756.839249502802,0,450,0,2,16.132254493885497,661.8999999999996,10677.939249502804,1,8078.9,8078.9,18756.839249502802,0.0,2.255754406604671
207,194.659,100.04980778047045,19475.595532738596,0,148,0,10,17.7093043913769,651.8999999999996,11544.695532738595,1,7930.9,7930.9,19475.595532738596,0.0,2.4509139334132573
208,200.224,99.98607587322664,20019.61205564093,210,0,0,12,18.563388116332135,639.8999999999996,11878.712055640926,1,8140.9,8140.9,20019.612055640926,0.0,2.5258637371593275
209,195.813,102.00716259448326,19974.32852911355,503,0,0,6,17.874157641762984,633.8999999999996,11330.42852911355,1,8643.9,8643.9,19974.328529113547,0.0,2.4049642514911285
210,202.573,105.81032618351445,21434.315205973075,979,0,0,11,18.961976570834935,622.8999999999996,11811.415205973073,1,9622.9,9622.9,21434.31520597307,0.0,2.3905756600900356
211,203.454,106.36358547049402,21640.09691831389,0,155,14,0,19.111629640938766,636.8999999999996,12172.196918313894,1,9467.9,9467.9,21640.096918313895,0.0,2.2371150176496433
212,220.678,108.35727862166291,23912.067531671328,374,0,3,0,21.988072404549676,639.8999999999996,14070.16753167133,1,9841.9,9841.9,23912.06753167133,0.0,2.4791245486810887
213,243.272,109.33599559680692,26598.386320826412,0,304,21,0,25.81402076082074,660.8999999999996,17060.486320826418,1,9537.9,9537.9,26598.386320826416,0.0,2.67837428594572
214,247.144,108.43515946610768,26799.099051091718,0,302,3,0,26.454585104822606,663.8999999999996,17563.199051091717,1,9235.9,9235.9,26799.099051091718,0.0,2.8330906484422416
215,236.147,104.40244732585703,24654.324728659158,108,0,0,43,24.658438925204006,620.8999999999996,15310.424728659158,1,9343.9,9343.9,24654.324728659158,0.0,2.772511352704439
216,258.477,101.64043812237331,26271.715524556683,0,32,0,24,28.413160537035846,596.8999999999996,16959.815524556685,1,9311.9,9311.9,26271.715524556683,0.0,2.88804796470912
217,249.644,101.32034761893249,25294.016860980784,539,0,0,23,26.90907276699912,573.8999999999996,15443.116860980785,1,9850.9,9850.9,25294.016860980784,0.0,2.724892399469686
218,248.419,98.13618523875557,24378.89300082642,0,444,0,13,26.692802640089916,560.8999999999996,14971.993000826424,1,9406.9,9406.9,24378.89300082642,0.0,2.555086279948796
219,239.027,93.38469446954511,22321.463364971958,0,259,0,35,25.04955954548767,525.8999999999996,13173.563364971957,1,9147.9,9147.9,22321.463364971954,0.0,2.4936161699458936
220,233.686,89.47288244558015,20908.560007177846,0,167,0,31,24.101151762331487,494.89999999999964,11927.660007177845,1,8980.9,8980.9,20908.560007177846,0.0,2.3855415682080174
221,233.576,90.62976060613695,21168.936963339045,0,91,15,0,24.081264882014224,509.89999999999964,12279.036963339044,1,8889.9,8889.9,21168.936963339045,0.0,2.327018226470491
222,228.551,85.59871036572791,19563.670852797477,311,0,0,63,23.188120055487772,446.89999999999964,10362.770852797477,1,9200.9,9200.9,19563.670852797477,0.0,2.330006233623911
223,241.684,86.54577016626165,20916.72791686278,306,0,0,3,25.70359972260146,443.89999999999964,11409.82791686278,1,9506.9,9506.9,20916.72791686278,0.0,2.248458163443857
224,238.667,86.41120870982162,20623.503949146998,0,660,25,0,25.115384835033066,468.89999999999964,11776.603949146995,1,8846.9,8846.9,20623.503949146994,0.0,2.172697654153422
225,238.187,83.34128707468683,19850.811144458432,0,531,0,8,25.026928063481115,460.89999999999964,11534.911144458438,1,8315.9,8315.9,19850.811144458436,0.0,2.32646764052564
226,219.062,86.04112232870733,18848.340339571285,613,0,0,1,21.568689583760158,459.89999999999964,9919.440339571289,1,8928.9,8928.9,18848.34033957129,0.0,2.195421906126222
227,218.918,83.90333557750368,18367.95041795595,0,468,0,0,21.541749114929246,459.89999999999964,9907.050417955952,1,8460.9,8460.9,18367.95041795595,0.0,2.1095488154146596
228,195.164,83.02460107339152,16203.413243887382,35,0,0,12,17.208111730045516,447.89999999999964,7707.513243887381,1,8495.9,8495.9,16203.41324388738,0.0,1.9353627373740296
229,215.274,84.4201344977125,18173.46003386056,112,0,9,0,20.93578470969702,456.89999999999964,9565.560033860562,1,8607.9,8607.9,18173.46003386056,0.0,2.1037250875685083
230,217.833,87.49168949530592,19058.577197830975,455,0,10,0,21.408603979076858,466.89999999999964,9995.677197830977,1,9062.9,9062.9,19058.57719783098,0.0,2.136350463880878
231,231.414,90.54601684220782,20953.61594152268,611,0,4,0,23.953527163989577,470.89999999999964,11279.715941522683,1,9673.9,9673.9,20953.615941522683,0.0,2.234031251902451
232,215.854,93.5396778842666,20190.91363003048,206,0,21,0,20.961605265359808,491.89999999999964,10311.013630030482,1,9879.9,9879.9,20190.91363003048,0.0,2.0203557944012163
233,221.885,94.32186377342953,20928.60674336741,0,755,42,0,22.10845990516467,533.8999999999996,11803.70674336741,1,9124.9,9124.9,20928.60674336741,0.0,2.1007349697214033
234,205.877,98.50034413536179,20278.95534955588,224,0,33,0,19.280393984046373,566.8999999999996,10930.055349555882,1,9348.9,9348.9,20278.95534955588,0.0,2.1281002912998885
235,209.952,95.79967177117621,20113.332687701986,0,587,1,0,19.988435794509588,567.8999999999996,11351.432687701988,1,8761.9,8761.9,20113.332687701986,0.0,2.212061766828983
236,191.991,98.215157134699,18856.426233447997,362,0,6,0,16.95857507135041,573.8999999999996,9732.526233447994,1,9123.9,9123.9,18856.426233447994,0.0,2.099165110651787
237,193.061,94.19215940135749,18184.832486185478,0,331,0,26,17.14169097679409,547.8999999999996,9391.932486185477,1,8792.9,8792.9,18184.832486185478,0.0,2.0782249313979904
238,200.854,100.36891918050999,20159.498893082156,372,0,47,0,18.481423588976575,594.8999999999996,10994.598893082159,1,9164.9,9164.9,20159.498893082156,0.0,2.15160777268026
239,204.135,106.8658906099472,21815.068579661573,641,0,36,0,19.034979520782336,630.8999999999996,12009.16857966157,1,9805.9,9805.9,21815.06857966157,0.0,2.2355736905927404
240,208.423,103.47473886363866,21566.515498176163,0,193,0,26,19.761308477725525,604.8999999999996,11953.615498176163,1,9612.9,9612.9,21566.515498176163,0.0,2.271419198502639
241,229.829,96.7774623520188,22242.26739490213,0,87,0,62,23.423038119178738,542.8999999999996,12716.367394902129,1,9525.9,9525.9,22242.267394902126,0.0,2.473914818451374
242,233.785,97.23130820063602,22731.22138768569,275,0,0,7,24.12823546871749,535.8999999999996,12930.321387685695,1,9800.9,9800.9,22731.221387685695,0.0,2.375116160779214
243,212.047,96.64814641831055,20493.949503563497,58,0,0,9,20.18418960630766,526.8999999999996,10635.049503563498,1,9858.9,9858.9,20493.949503563497,0.0,2.103644278588728
244,201.088,99.52382337346864,20013.04659452406,0,76,36,0,18.174003543300884,562.8999999999996,10230.146594524062,1,9782.9,9782.9,20013.04659452406,0.0,1.9712931936590523
245,196.444,102.77066709738695,20188.68092727908,204,0,25,0,17.35291874005628,587.8999999999996,10201.78092727908,1,9986.9,9986.9,20188.680927279078,0.0,1.998472636823199
246,193.963,102.06444791039004,19796.726510042983,286,0,0,25,16.919215686699214,562.8999999999996,9523.826510042982,1,10272.9,10272.9,19796.72651004298,0.0,1.9959854311358343
247,190.236,101.09197161778506,19231.33231268096,0,185,0,0,16.243439887512817,562.8999999999996,9143.43231268096,1,10087.9,10087.9,19231.33231268096,0.0,1.8900536667037506
248,194.596,99.98399129899127,19456.484770818504,176,0,0,23,17.02645817895631,539.8999999999996,9192.584770818507,1,10263.9,10263.9,19456.484770818504,0.0,1.9500682311417146
249,181.363,101.49996192719655,18408.337595002147,0,2,19,0,14.575841107536506,558.8999999999996,8146.437595002149,1,10261.9,10261.9,18408.337595002147,0.0,1.766716025483389
250,167.596,103.66307820440493,17373.51725474545,278,0,7,0,12.075662227859077,565.8999999999996,6833.617254745447,1,10539.9,10539.9,17373.517254745446,0.0,1.6576840174968022
251,171.728,103.58036647349037,17787.649173759557,0,643,49,0,12.832573058642966,614.8999999999996,7890.749173759556,1,9896.9,9896.9,17787.649173759557,0.0,1.688996394072624
252,172.924,97.94739216379573,16937.454842532214,0,179,0,61,13.034040156223538,553.8999999999996,7219.554842532213,1,9717.9,9717.9,16937.454842532214,0.0,1.8098122939568804
253,155.203,99.67357211496582,15469.63741295904,60,0,21,0,9.900395569593053,574.8999999999996,5691.737412959043,1,9777.9,9777.9,15469.637412959042,0.0,1.5643018662465749
254,161.299,95.1776449290372,15352.058949408773,0,517,0,19,10.95729258753153,555.8999999999996,6091.158949408774,1,9260.9,9260.9,15352.058949408773,0.0,1.6442433966978465
255,178.506,102.42585519055568,18283.629706645333,265,0,74,0,13.903365147873213,629.8999999999996,8757.729706645332,1,9525.9,9525.9,18283.629706645333,0.0,1.8345712280342854
256,176.904,103.86206671941073,18373.615050930635,104,0,11,0,13.642869481870243,640.8999999999996,8743.715050930634,1,9629.9,9629.9,18373.61505093063,0.0,1.9021345475629663
257,175.586,103.83592266294072,18232.134316695112,358,0,0,27,13.42927889997575,613.8999999999996,8244.234316695109,1,9987.9,9987.9,18232.13431669511,0.0,1.893760563141305
258,182.861,104.57012848417774,19121.798264745226,0,27,11,0,14.659782788838585,624.8999999999996,9160.898264745227,1,9960.9,9960.9,19121.798264745226,0.0,1.9010543411596033
259,180.125,103.22549590491293,18593.492449872443,0,228,0,1,14.201943340074449,623.8999999999996,8860.592449872443,1,9732.9,9732.9,18593.492449872443,0.0,1.8909631050620443
260,173.785,98.08106061948352,17045.017119756943,0,118,0,59,13.15297773014153,564.8999999999996,7430.117119756946,1,9614.9,9614.9,17045.017119756943,0.0,1.8431344004187133
261,179.745,92.67648307691806,16658.134450660637,0,560,0,29,14.187785875463039,535.8999999999996,7603.234450660638,1,9054.9,9054.9,16658.134450660637,0.0,1.8335687569344523
262,178.406,97.79860933941404,17447.858697807504,537,0,27,0,13.956224369883651,562.8999999999996,7855.958697807502,1,9591.9,9591.9,17447.858697807504,0.0,1.8259771659345376
263,190.047,100.4326737827039,19086.92835438153,197,0,19,0,15.978739223889905,581.8999999999996,9298.02835438153,1,9788.9,9788.9,19086.92835438153,0.0,1.9377112260477718
264,190.285,103.29752764304988,19655.970047557745,433,0,7,0,16.019816687990748,588.8999999999996,9434.070047557745,1,10221.9,10221.9,19655.970047557745,0.0,1.9522961038259468
265,193.127,109.14317792771794,21078.494523646383,270,0,52,0,16.518325048597895,640.8999999999996,10586.594523646385,1,10491.9,10491.9,21078.494523646383,0.0,1.9516471126815262
266,197.754,113.57492412807804,22459.895546023945,63,0,47,0,17.30628804480877,687.8999999999996,11904.995546023947,1,10554.9,10554.9,22459.895546023945,0.0,2.0571583800758617
267,195.645,111.69014044122808,21851.617526624068,0,267,0,6,16.958084068960364,681.8999999999996,11563.717526624067,1,10287.9,10287.9,21851.617526624068,0.0,2.10521805332479
268,177.151,115.35458969743806,20435.18091949085,0,103,54,0,13.928904633089902,735.8999999999996,10250.280919490853,1,10184.9,10184.9,20435.180919490853,0.0,1.923232153238659
269,170.626,124.79435848002815,21293.162210013284,191,0,110,0,12.906090802711065,845.8999999999996,10917.262210013285,1,10375.9,10375.9,21293.162210013284,0.0,1.9325169831530076
270,172.482,129.60700946085274,22354.8762058268,237,0,45,0,13.179903699435181,890.8999999999996,11741.976205826799,1,10612.9,10612.9,22354.876205826797,0.0,2.074497685921435
271,169.985,122.12389669291655,20759.23057934542,0,1413,11,0,12.816643285669612,901.8999999999996,11559.330579345418,1,9199.9,9199.9,20759.230579345418,0.0,2.075893252852948
272,179.068,114.24757022688719,20458.083905388237,0,385,0,73,14.046548323547162,828.8999999999996,11643.183905388238,1,8814.9,8814.9,20458.083905388237,0.0,2.3770347430958143
273,176.367,110.55987526636306,19499.113521102652,47,0,0,51,13.674268570642319,777.8999999999996,10637.213521102654,1,8861.9,8861.9,19499.113521102656,0.0,2.28584569515314
274,170.039,108.39126131570198,18430.741682860647,0,241,0,10,12.774894755646116,767.8999999999996,9809.841682860648,1,8620.9,8620.9,18430.741682860647,0.0,2.1213837473247397
275,167.767,109.26144706168202,18330.465189197206,0,265,33,0,12.454195516540407,800.8999999999996,9974.565189197208,1,8355.9,8355.9,18330.46518919721,0.0,2.109347833422424
276,154.54,108.45095050058443,16760.009890360318,0,285,15,0,10.649724096531829,815.8999999999996,8689.109890360316,1,8070.9,8070.9,16760.009890360314,0.0,2.020759466833296
277,150.336,107.54509982322044,16167.90012702367,0,5,0,13,10.090920571707153,802.8999999999996,8102.00012702367,1,8065.9,8065.9,16167.90012702367,0.0,2.0201070629614866
278,136.405,111.56874124570882,15218.534149620911,6,0,66,0,8.22492133688677,868.8999999999996,7146.634149620911,1,8071.9,8071.9,15218.534149620911,0.0,1.8187293843695538
279,142.033,114.65068591243143,16284.180872200372,393,0,5,0,8.947569369722366,873.8999999999996,7819.280872200373,1,8464.9,8464.9,16284.180872200373,0.0,1.963161464506716
280,140.755,119.65507116233397,16842.04954145432,2,0,80,0,8.779903073125402,953.8999999999996,8375.149541454317,1,8466.9,8466.9,16842.04954145432,0.0,1.9064203115930827
281,135.964,121.51237699224917,16521.308825374166,457,0,0,25,8.178930805656336,928.8999999999996,7597.4088253741675,1,8923.9,8923.9,16521.308825374166,0.0,1.9214567427884557
282,140.209,119.32882870347136,16730.975743685016,0,114,0,22,8.734232819147667,906.8999999999996,7921.075743685016,1,8809.9,8809.9,16730.975743685016,0.0,1.9091573040605863
283,151.437,112.42175856513349,17024.813851828123,0,178,0,85,10.211599771052594,821.8999999999996,8392.913851828123,1,8631.9,8631.9,17024.813851828123,0.0,2.051192389512661
284,146.061,116.02367201506324,16946.533558192154,0,33,59,0,9.476255600172731,880.8999999999996,8347.633558192156,1,8598.9,8598.9,16946.533558192154,0.0,1.902296652855335
285,146.162,118.94202431085986,17384.8041573239,474,0,0,5,9.489558348354725,875.8999999999996,8311.904157323901,1,9072.9,9072.9,17384.804157323902,0.0,1.9721420122417606
286,147.677,120.54888455284703,17802.29762411079,24,0,22,0,9.695286361633583,897.8999999999996,8705.39762411079,1,9096.9,9096.9,17802.29762411079,0.0,1.9359853326009162
287,147.954,120.69710563247628,17857.619566747395,0,17,4,0,9.732475403866726,901.8999999999996,8777.719566747397,1,9079.9,9079.9,17857.619566747395,0.0,1.9606338054866965
288,139.824,115.76233048657858,16186.352097955365,0,690,0,0,8.644475105838085,901.8999999999996,7796.452097955365,1,8389.9,8389.9,16186.352097955365,0.0,1.8586495553866635
289,141.282,118.30210718018522,16713.958306630928,0,542,102,0,8.831615008099345,1003.8999999999996,8866.058306630928,1,7847.9,7847.9,16713.958306630928,0.0,1.9493836131306448
290,135.276,116.43579032355942,15750.967971809825,0,25,0,28,8.12385282488967,975.8999999999996,7928.067971809826,1,7822.9,7822.9,15750.967971809827,0.0,2.0391997669321396
291,127.672,115.02985702508136,14686.091906106187,37,0,0,30,7.216610536109725,945.8999999999996,6826.191906106186,1,7859.9,7859.9,14686.091906106187,0.0,1.9002659144549308
292,112.362,114.64543099693277,12881.789917677359,0,161,22,0,5.354778301144088,967.8999999999996,5182.889917677361,1,7698.9,7698.9,12881.78991767736,0.0,1.6444210225387335
293,94.665,95.65924285678447,9055.582225037502,0,1768,0,9,3.258611143015439,958.8999999999996,3124.6822250375035,1,5930.9,5930.9,9055.582225037502,0.0,1.4096701769505569
294,99.766,93.31305342957444,9309.470088454924,0,219,0,4,3.767483598758955,954.8999999999996,3597.570088454925,1,5711.9,5711.9,9309.470088454924,0.0,1.6091217223102667
295,91.784,77.72163938071478,7133.602948919525,0,248,0,396,2.98748067439529,558.8999999999996,1669.7029489195265,1,5463.9,5463.9,7133.602948919526,0.0,1.4994389425550274
296,94.704,74.47543978930753,7053.1220498065795,0,1373,314,0,3.39354112705531,872.8999999999996,2962.222049806579,1,4090.8999999999996,4090.8999999999996,7053.122049806579,0.0,1.3471238741395728
297,91.905,77.0189591458715,7078.4274403013205,259,0,0,8,3.154731691873422,864.8999999999996,2728.527440301322,1,4349.9,4349.9,7078.427440301321,0.0,1.6731441232580384
298,89.422,75.44077808066736,6746.065257529436,0,235,32,0,2.933621649603564,896.8999999999996,2631.165257529435,1,4114.9,4114.9,6746.065257529435,0.0,1.5832983205917657
299,91.318,79.11267139283935,7224.410926251303,26,0,100,0,3.0930995348092125,996.8999999999996,3083.510926251303,1,4140.9,4140.9,7224.410926251303,0.0,1.6741842991981293
300,96.186,76.06822806409524,7316.698584573065,0,11,0,81,3.4794176051676673,915.8999999999996,3186.798584573065,1,4129.9,4129.9,7316.698584573065,0.0,1.8376515758872822
301,93.385,73.78346623823936,6890.268994657983,0,327,35,0,3.2467861969271055,950.8999999999996,3087.3689946579834,1,3802.8999999999996,3802.8999999999996,6890.268994657983,0.0,1.7200492694170646
302,99.627,75.5760458051823,7529.414715432897,48,0,35,0,3.7311235575949873,985.8999999999996,3678.5147154328965,1,3850.8999999999996,3850.8999999999996,7529.414715432897,0.0,1.9329525864253787
303,109.981,76.23109372963172,8383.971919478627,0,118,42,0,4.524829185211235,1027.8999999999996,4651.071919478627,1,3732.8999999999996,3732.8999999999996,8383.971919478627,0.0,2.158438051806008
304,101.908,78.54695929687911,8004.563528026356,130,0,27,0,3.9261195639646966,1054.8999999999996,4141.663528026357,1,3862.8999999999996,3862.8999999999996,8004.563528026357,0.0,2.081105387178684
305,101.675,80.66319597675536,8201.430450936601,51,0,42,0,3.908770581581368,1096.8999999999996,4287.5304509366015,1,3913.8999999999996,3913.8999999999996,8201.430450936601,0.0,2.0674265672189764
306,112.401,78.87808559593876,8865.975699069111,0,102,0,21,4.697532948293628,1075.8999999999996,5054.075699069113,1,3811.8999999999996,3811.8999999999996,8865.975699069113,0.0,2.3165190451936124
307,113.912,79.02878258563582,9002.326681894949,0,79,20,0,4.808309774518616,1095.8999999999996,5269.426681894949,1,3732.8999999999996,3732.8999999999996,9002.326681894949,0.0,2.3571343651209573
308,115.286,76.75215720265024,8848.449195264735,0,287,5,0,4.907393219424778,1100.8999999999996,5402.549195264736,1,3445.8999999999996,3445.8999999999996,8848.449195264737,0.0,2.4407062147841123
309,117.512,76.64948432559078,9007.234202068823,155,0,0,33,5.062584700879133,1067.8999999999996,5406.334202068824,1,3600.8999999999996,3600.8999999999996,9007.234202068823,0.0,2.6174002429547683
310,113.293,75.88718365797078,8597.486698162484,0,153,14,0,4.759762175952017,1081.8999999999996,5149.586698162485,1,3447.8999999999996,3447.8999999999996,8597.486698162484,0.0,2.4115776688325576
311,113.991,77.54956521507188,8839.952488431258,26,0,34,0,4.808721649279739,1115.8999999999996,5366.052488431259,1,3473.8999999999996,3473.8999999999996,8839.95248843126,0.0,2.5089056969041295
312,106.19,82.50041863132864,8760.719454460788,402,0,29,0,4.266590492148476,1144.8999999999996,4884.819454460789,1,3875.8999999999996,3875.8999999999996,8760.719454460788,0.0,2.370531198419207
313,96.483,83.21320465900307,8028.659625114593,0,238,86,0,3.5671131896292105,1230.8999999999996,4390.759625114594,1,3637.8999999999996,3637.8999999999996,8028.659625114594,0.0,2.0536876314679127
314,95.891,82.82072299281693,7941.761948504208,0,20,0,5,3.5270918904512674,1225.8999999999996,4323.861948504207,1,3617.8999999999996,3617.8999999999996,7941.761948504207,0.0,2.1934075724886513
315,92.811,86.95670417133391,8070.538670845673,198,0,56,0,3.3190098064167826,1281.8999999999996,4254.638670845672,1,3815.8999999999996,3815.8999999999996,8070.538670845672,0.0,2.1246231575461825
316,96.458,82.70878591386455,7977.924071679547,0,128,0,79,3.5664012566959418,1202.8999999999996,4290.024071679547,1,3687.8999999999996,3687.8999999999996,7977.924071679547,0.0,2.198084271327479
317,105.352,85.92528678647123,9052.400813528318,389,0,0,12,4.177933339095071,1190.8999999999996,4975.500813528318,1,4076.8999999999996,4076.8999999999996,9052.400813528318,0.0,2.3627365204038773
318,101.763,88.48827256958879,9004.832081499064,0,135,101,0,3.918981408390019,1291.8999999999996,5062.932081499064,1,3941.8999999999996,3941.8999999999996,9004.832081499064,0.0,2.1447705264420693
319,93.591,92.25100058202604,8633.8633954724,0,14,109,0,3.359242912036833,1400.8999999999996,4705.963395472398,1,3927.8999999999996,3927.8999999999996,8633.863395472397,0.0,2.1009426718233297
320,89.96,91.30574183478171,8213.864535456962,0,188,33,0,3.120137063572748,1433.8999999999996,4473.964535456962,1,3739.8999999999996,3739.8999999999996,8213.864535456962,0.0,2.1128083740316868
321,91.264,94.23250413326329,8600.03525721814,360,0,0,29,3.203171227288876,1404.8999999999996,4500.13525721814,1,4099.9,4099.9,8600.03525721814,0.0,2.2281149824352307
322,90.6,104.66307712232633,9482.474787282765,228,0,227,0,3.1586339771326464,1631.8999999999996,5154.574787282764,1,4327.9,4327.9,9482.474787282765,0.0,2.0823592952202867
323,82.879,104.99809335356588,8702.136979050187,0,441,176,0,2.6634421035733107,1807.8999999999996,4815.236979050187,1,3886.8999999999996,3886.8999999999996,8702.136979050187,0.0,2.0042910346406537
324,86.413,102.13680435676689,8825.947674881296,0,78,0,59,2.8686875606846,1748.8999999999996,5017.047674881296,1,3808.8999999999996,3808.8999999999996,8825.947674881296,0.0,2.334302462363757
325,84.431,103.14201271159143,8708.383275252376,206,0,0,44,2.7529375771320175,1704.8999999999996,4693.483275252375,1,4014.8999999999996,4014.8999999999996,8708.383275252374,0.0,2.264042775774157
326,89.409,108.90570569222217,9737.150240235893,384,0,43,0,3.0540936210514875,1747.8999999999996,5338.250240235894,1,4398.9,4398.9,9737.150240235893,0.0,2.296900100757349
327,92.778,104.29762426602491,9676.52498415326,0,13,0,127,3.2640045555884147,1620.8999999999996,5290.62498415326,1,4385.9,4385.9,9676.52498415326,0.0,2.2969500472193025
328,90.13,105.45840641018104,9504.966169749618,18,0,28,0,3.093617666171156,1648.8999999999996,5101.066169749618,1,4403.9,4403.9,9504.966169749618,0.0,2.1433103525152934
329,85.607,103.5050996537592,8860.761066059364,102,0,0,96,2.804340953093802,1552.8999999999996,4354.861066059364,1,4505.9,4505.9,8860.761066059364,0.0,2.0499960938160195
330,99.705,100.49003765370988,10019.359204263143,0,61,0,64,3.7440118236705926,1488.8999999999996,5574.459204263144,1,4444.9,4444.9,10019.359204263143,0.0,2.2903251206147632
331,98.63,102.41915723374431,10101.601477964201,495,0,0,83,3.67145705808678,1405.8999999999996,5161.701477964203,1,4939.9,4939.9,10101.601477964203,0.0,2.229821236424983
332,100.702,107.28692266732408,10804.00768644487,150,0,89,0,3.822401288678086,1494.8999999999996,5714.10768644487,1,5089.9,5089.9,10804.00768644487,0.0,2.0878588578215185
333,95.649,106.27917374820147,10165.496689841722,42,0,0,40,3.4597544091289607,1454.8999999999996,5033.596689841724,1,5131.9,5131.9,10165.496689841722,0.0,2.016127402543642
334,88.275,104.34589752754944,9211.134104244427,0,10,0,55,2.9210901523283304,1399.8999999999996,4089.2341042444286,1,5121.9,5121.9,9211.13410424443,0.0,1.8281326726207616
335,89.623,108.7358981298173,9745.237398088617,191,0,67,0,3.0215675220455505,1466.8999999999996,4432.337398088617,1,5312.9,5312.9,9745.237398088617,0.0,1.8258443886275728
336,84.538,108.496678182149,9172.092180162512,0,7,0,5,2.6446351871964655,1461.8999999999996,3866.192180162512,1,5305.9,5305.9,9172.092180162512,0.0,1.7301879117051882
337,81.786,107.86584489675128,8821.9159907257,0,342,119,0,2.4403921758022027,1580.8999999999996,3858.015990725701,1,4963.9,4963.9,8821.915990725702,0.0,1.6723853298790476
338,82.308,106.70756283545833,8782.886081860905,0,130,14,0,2.4760085785070567,1594.8999999999996,3948.9860818609036,1,4833.9,4833.9,8782.886081860903,0.0,1.788557779520499
339,88.089,110.32206060216566,9718.15999638417,0,28,121,0,2.8627892047229864,1715.8999999999996,4912.259996384171,1,4805.9,4805.9,9718.15999638417,0.0,1.9445504670375247
340,82.871,113.88926451940982,9438.11723998801,331,0,0,14,2.5273031552899767,1701.8999999999996,4301.21723998801,1,5136.9,5136.9,9438.117239988009,0.0,1.9023490884458834
341,80.665,117.1882457608368,9452.989844297901,209,0,24,0,2.379680076654442,1725.8999999999996,4107.0898442979005,1,5345.9,5345.9,9452.9898442979,0.0,1.7884088696408718
342,81.402,115.85123588640127,9430.522303624837,0,155,19,0,2.42972222111573,1744.8999999999996,4239.622303624837,1,5190.9,5190.9,9430.522303624835,0.0,1.7844249951221756
343,78.858,110.07047807575849,8679.937760098162,0,15,0,195,2.2608153817008616,1549.8999999999996,3504.0377600981647,1,5175.9,5175.9,8679.937760098164,0.0,1.7599639290931886
344,81.223,106.51763424113861,8651.681805968,0,274,0,6,2.4287724632217125,1543.8999999999996,3749.781805968001,1,4901.9,4901.9,8651.681805968,0.0,1.7272850017866133
345,82.85,103.77300697823794,8597.593628147013,0,296,27,0,2.541023380321481,1570.8999999999996,3991.6936281470134,1,4605.9,4605.9,8597.593628147013,0.0,1.8003194673245748
346,87.795,101.05426216259453,8872.058946564986,0,167,0,25,2.8676880435765497,1545.8999999999996,4433.158946564987,1,4438.9,4438.9,8872.058946564986,0.0,1.9780609973413235
347,87.813,103.92269534316117,9125.76364616901,140,0,39,0,2.868864689361482,1584.8999999999996,4546.863646169012,1,4578.9,4578.9,9125.763646169013,0.0,1.999116430485912
348,89.792,100.83870430528607,9054.508936980246,0,97,0,60,2.9986287212146694,1524.8999999999996,4572.6089369802485,1,4481.9,4481.9,9054.508936980248,0.0,2.0379188582963437
349,92.435,107.14526560084649,9903.972625814245,0,20,190,0,3.1734052281848784,1714.8999999999996,5442.072625814247,1,4461.9,4461.9,9903.972625814247,0.0,2.0797040613264732
350,88.606,105.68598410731902,9364.412307813109,0,9,0,41,2.934173073548665,1673.8999999999996,4911.512307813109,1,4452.9,4452.9,9364.412307813109,0.0,2.127728860760798
351,88.62,103.94119778393872,9211.26894761265,0,2,0,52,2.9350569995762075,1621.8999999999996,4760.36894761265,1,4450.9,4450.9,9211.26894761265,0.0,2.10332410599623
352,90.424,105.19691284803883,9512.325647371064,0,100,70,0,3.0506682708026855,1691.8999999999996,5161.425647371063,1,4350.9,4350.9,9512.325647371063,0.0,2.1116580620582073
353,94.924,103.9286829440093,9865.32629977714,206,0,0,98,3.330463830715315,1593.8999999999996,5308.426299777139,1,4556.9,4556.9,9865.326299777138,0.0,2.295091074303533
354,102.35,101.38626875535586,10376.884607110671,0,100,0,42,3.8146688621113953,1551.8999999999996,5919.984607110673,1,4456.9,4456.9,10376.884607110673,0.0,2.3342844256664295
355,98.649,99.22617080095793,9788.562523343699,12,0,0,63,3.5728810016412798,1488.8999999999996,5319.6625233437,1,4468.9,4468.9,9788.562523343699,0.0,2.2440831130263414
356,101.804,102.64687548121817,10449.862511489935,178,0,45,0,3.7831426504269747,1533.8999999999996,5802.962511489935,1,4646.9,4646.9,10449.862511489935,0.0,2.2604267475711524
357,107.093,103.07323953179322,11038.422441178333,0,95,34,0,4.13707662553628,1567.8999999999996,6486.522441178332,1,4551.9,4551.9,11038.422441178333,0.0,2.3656118780068645
358,105.689,91.0024776873758,9617.96086430106,0,305,0,240,4.04477811906097,1327.8999999999996,5371.060864301061,1,4246.9,4246.9,9617.960864301062,0.0,2.393222085914825
359,111.709,95.79231666357322,10700.8639021711,281,0,57,0,4.457335477053292,1384.8999999999996,6172.963902171102,1,4527.9,4527.9,10700.863902171102,0.0,2.393697939668715
360,120.727,98.12727840039055,11846.61193944395,38,0,48,0,5.0811026166822195,1432.8999999999996,7280.7119394439505,1,4565.9,4565.9,11846.61193944395,0.0,2.5541021254540084
361,122.919,95.19438183371062,11701.198220617876,194,0,0,106,5.231214274337084,1326.8999999999996,6941.298220617875,1,4759.9,4759.9,11701.198220617875,0.0,2.641693189447339
362,134.599,97.31332387967028,13098.27608087974,267,0,3,0,6.069160148041012,1329.8999999999996,8071.376080879739,1,5026.9,5026.9,13098.27608087974,0.0,2.691877686597537
363,132.376,95.65046919130208,12661.826509667804,0,291,12,0,5.906495647714291,1341.8999999999996,7925.926509667805,1,4735.9,4735.9,12661.826509667804,0.0,2.562602908730079
364,136.804,91.22327168362554,12479.70845940671,0,83,0,84,6.222122950478346,1257.8999999999996,7826.8084594067095,1,4652.9,4652.9,12479.70845940671,0.0,2.763015854905486
365,132.132,90.7724556777651,11993.946113614458,0,189,22,0,5.883308159711274,1279.8999999999996,7530.046113614458,1,4463.9,4463.9,11993.946113614456,0.0,2.5905378009630144
366,126.784,92.68096022966853,11750.462861758295,286,0,0,8,5.50401986143431,1271.8999999999996,7000.562861758297,1,4749.9,4749.9,11750.462861758297,0.0,2.578125634680385
367,112.99,93.00462380180963,10508.59244336647,320,0,0,63,4.49887703148852,1208.8999999999996,5438.69244336647,1,5069.9,5069.9,10508.59244336647,0.0,2.2046825609697565
368,118.577,90.3624592704032,10714.909332906602,219,0,0,108,4.928703181857212,1100.8999999999996,5426.009332906602,1,5288.9,5288.9,10714.909332906602,0.0,2.175232110405961
369,110.009,90.12185749060014,9914.215420683431,151,0,0,42,4.225437171294202,1058.8999999999996,4474.31542068343,1,5439.9,5439.9,9914.21542068343,0.0,1.8795371025880214
370,112.812,90.69768242933382,10231.786950218007,0,2,15,0,4.4639975325617005,1073.8999999999996,4793.886950218009,1,5437.9,5437.9,10231.786950218007,0.0,1.8689363751593933
371,111.044,89.21997248552627,9907.342624682778,0,108,0,13,4.314678692320464,1060.8999999999996,4577.442624682779,1,5329.9,5329.9,9907.342624682778,0.0,1.8520814004823452
372,99.532,88.53041054419734,8811.608822285049,0,246,53,0,3.3465381293518726,1113.8999999999996,3727.70882228505,1,5083.9,5083.9,8811.608822285049,0.0,1.6661179949772793
373,103.181,89.83085037826494,9268.836972879755,156,0,0,6,3.636552913511829,1107.8999999999996,4028.9369728797537,1,5239.9,5239.9,9268.836972879753,0.0,1.7967812683886042
374,104.88,84.23639226478693,8834.712820730852,0,432,0,41,3.7743113888188726,1066.8999999999996,4026.8128207308537,1,4807.9,4807.9,8834.712820730852,0.0,1.7980227843417675
375,100.744,85.84457474758264,8648.325838370465,31,0,38,0,3.447756211757143,1104.8999999999996,3809.425838370466,1,4838.9,4838.9,8648.325838370465,0.0,1.7650764579803437
376,101.407,83.3699348928183,8454.294987676025,8,0,0,74,3.4992676182714395,1030.8999999999996,3607.3949876760257,1,4846.9,4846.9,8454.294987676025,0.0,1.7990123357432708
377,102.118,88.16090573549535,9002.815371897314,98,0,110,0,3.5567669137499482,1140.8999999999996,4057.915371897315,1,4944.9,4944.9,9002.815371897315,0.0,1.7564981764395429
378,100.296,89.55196472080844,8981.703853638204,0,185,95,0,3.415975284115386,1235.8999999999996,4221.803853638205,1,4759.9,4759.9,8981.703853638204,0.0,1.7881425714670152
379,102.304,91.08460153079243,9318.31907500619,0,121,78,0,3.5614727719051618,1313.8999999999996,4679.419075006191,1,4638.9,4638.9,9318.319075006191,0.0,1.9247303932430488
380,108.576,86.16827604042442,9355.806739365122,0,314,0,55,3.996271935312672,1258.8999999999996,5030.906739365121,1,4324.9,4324.9,9355.806739365122,0.0,2.1318850796109676
381,105.55,87.3109963225894,9215.675661849311,0,84,54,0,3.789150477453966,1312.8999999999996,4974.77566184931,1,4240.9,4240.9,9215.67566184931,0.0,2.1029530245940475
382,101.757,87.58708567502543,8912.599077033563,67,0,0,11,3.5369068876515595,1301.8999999999996,4604.699077033564,1,4307.9,4307.9,8912.599077033563,0.0,2.094957450729263
383,100.533,88.94801268993754,8942.210559757492,161,0,0,7,3.4545606299772134,1294.8999999999996,4473.310559757492,1,4468.9,4468.9,8942.210559757492,0.0,2.044010419036499
384,100.583,88.28448251642976,8879.918104950055,37,0,0,30,3.4579951813977825,1264.8999999999996,4374.018104950053,1,4505.9,4505.9,8879.918104950053,0.0,2.001982134393696
385,99.227,88.02887313271665,8734.840994340077,0,22,0,1,3.3633523176992473,1263.8999999999996,4250.940994340077,1,4483.9,4483.9,8734.840994340077,0.0,1.9441630632410343
386,101.007,93.68499144823814,9462.83993121219,0,32,173,0,3.487326836392367,1436.8999999999996,5010.9399312121905,1,4451.9,4451.9,9462.839931212191,0.0,1.982990786707177
387,95.683,88.95364603776778,8511.351713831735,0,616,52,0,3.140205328653192,1488.8999999999996,4675.451713831737,1,3835.8999999999996,3835.8999999999996,8511.351713831737,0.0,2.013536026582307
388,98.324,87.86555495527656,8639.292825422614,81,0,0,57,3.297990659559058,1431.8999999999996,4722.392825422614,1,3916.8999999999996,3916.8999999999996,8639.292825422614,0.0,2.280111132463693
389,98.233,87.45413326672967,8590.881873190656,0,47,2,0,3.2924066344868246,1433.8999999999996,4720.981873190656,1,3869.8999999999996,3869.8999999999996,8590.881873190656,0.0,2.2036041410099014
390,93.915,85.02158783139913,7984.80242118585,0,77,0,50,3.029050091181337,1383.8999999999996,4191.902421185851,1,3792.8999999999996,3792.8999999999996,7984.802421185851,0.0,2.1223429354104546
391,84.757,85.94816124517328,7284.708302657153,81,0,0,1,2.4664171687447776,1382.8999999999996,3410.808302657152,1,3873.8999999999996,3873.8999999999996,7284.708302657152,0.0,1.8999116032128178
392,89.681,89.5574131374286,8031.598367577733,0,131,164,0,2.7724470667643257,1546.8999999999996,4288.698367577735,1,3742.8999999999996,3742.8999999999996,8031.598367577734,0.0,1.9897047029165402
393,87.462,89.786144057,7852.875731513334,176,0,0,59,2.6439785815668637,1487.8999999999996,3933.9757315133356,1,3918.8999999999996,3918.8999999999996,7852.875731513335,0.0,2.092727689178386
394,85.833,88.76929761843506,7619.335122483137,0,16,0,28,2.5456778700480425,1459.8999999999996,3716.435122483136,1,3902.8999999999996,3902.8999999999996,7619.335122483136,0.0,1.9665248163628777
395,92.792,91.2160378821962,8464.11858716475,0,55,95,0,2.9688202374202532,1554.8999999999996,4616.218587164751,1,3847.8999999999996,3847.8999999999996,8464.11858716475,0.0,2.110502617184613
396,84.438,85.92205762130071,7255.08670142739,0,157,0,117,2.4787444894828505,1437.8999999999996,3564.18670142739,1,3690.8999999999996,3690.8999999999996,7255.08670142739,0.0,2.0016372064494616
397,81.639,85.27267065423402,6961.575559541011,0,231,77,0,2.3114895765667773,1514.8999999999996,3501.67555954101,1,3459.8999999999996,3459.8999999999996,6961.57555954101,0.0,1.9005095944472536
398,78.841,86.58891163282107,6826.756382043245,37,0,31,0,2.153992096541333,1545.8999999999996,3329.8563820432455,1,3496.8999999999996,3496.8999999999996,6826.756382043245,0.0,1.9431147221163803
399,75.317,85.00839829848513,6402.5775346470045,0,211,47,0,1.9566058978259813,1592.8999999999996,3116.677534647005,1,3285.8999999999996,3285.8999999999996,6402.5775346470045,0.0,1.864970990720119
400,61.967,87.63262697266785,5430.330995615309,134,0,23,0,1.2441555762208734,1615.8999999999996,2010.4309956153088,1,3419.8999999999996,3419.8999999999996,5430.330995615308,0.0,1.6031271241858331
401,66.673,83.66606235669897,5578.2673755081905,0,176,0,59,1.4993688583134384,1556.8999999999996,2334.367375508192,1,3243.8999999999996,3243.8999999999996,5578.267375508191,0.0,1.7084505798849923
402,50.647,83.33791320241495,4220.81528996271,0,120,162,0,0.6381495665615858,1718.8999999999996,1096.9152899627097,1,3123.8999999999996,3123.8999999999996,4220.815289962709,0.0,1.3062779556027413
403,44.622,60.856133203382555,2715.5223758013362,0,399,0,1746,0.34603779330860457,-27.100000000000364,-9.377624198663309,1,1634.9399999999998,1634.9399999999998,1625.5623758013364,-2756.1587473288773,1.1904044184891194
404,48.832,58.357771473369446,2849.726696587577,0,122,0,0,-49.32792238330477,-27.100000000000364,1336.7866965875771,1,1512.9399999999998,1512.9399999999998,2849.726696587577,0.0,1.8176365472663079
