"Date","Price","Open","High","Low","Vol.","Change %"
"01/28/2021","3.7","4.033","3.7","3.7","41.77M","-8.27%"
"01/29/2021","3.817","3.7","3.817","3.817","39.41M","3.19%"
"01/30/2021","3.864","3.817","3.864","3.864","56.78M","1.23%"
"01/31/2021","4.233","3.864","4.233","4.233","67.08M","9.55%"
"02/01/2021","4.264","4.233","4.264","4.264","97.45M","0.72%"
"02/02/2021","4.595","4.264","4.595","4.595","46.97M","7.75%"
"02/03/2021","5.257","4.595","5.257","5.257","123.81M","14.42%"
"02/04/2021","5.721","5.257","5.721","5.721","94.15M","8.83%"
"02/05/2021","6.416","5.721","6.416","6.416","136.71M","12.14%"
"02/06/2021","6.707","6.416","6.707","6.707","122.56M","4.53%"
"02/07/2021","6.118","6.707","6.118","6.118","134.13M","-8.78%"
"02/08/2021","6.657","6.118","6.657","6.657","133.12M","8.82%"
"02/09/2021","7.909","6.657","7.909","7.909","198.99M","18.8%"
"02/10/2021","7.84","7.909","7.84","7.84","155.21M","-0.87%"
"02/11/2021","9.022","7.84","9.022","9.022","151.65M","15.07%"
"02/12/2021","9.2","9.022","9.2","9.2","201.13M","1.98%"
"02/13/2021","9.229","9.2","9.229","9.229","114.93M","0.31%"
"02/14/2021","8.714","9.229","8.714","8.714","116.67M","-5.58%"
"02/15/2021","8.728","8.714","8.728","8.728","111.43M","0.16%"
"02/16/2021","8.847","8.728","8.847","8.847","109.98M","1.37%"
"02/17/2021","8.303","8.847","8.303","8.303","72.28M","-6.15%"
"02/18/2021","8.232","8.303","8.232","8.232","95.78M","-0.85%"
"02/19/2021","9.013","8.232","9.013","9.013","93.29M","9.48%"
"02/20/2021","11.441","9.013","11.441","11.441","337.88M","26.94%"
"02/21/2021","10.045","11.441","10.045","10.045","151.69M","-12.2%"
"02/22/2021","11.113","10.045","11.113","11.113","185.66M","10.64%"
"02/23/2021","14.424","11.113","14.424","14.424","745.5M","29.79%"
"02/24/2021","15.158","14.424","15.158","15.158","1244.33M","5.09%"
"02/25/2021","17.472","15.158","17.472","17.472","653.77M","15.26%"
"02/26/2021","13.811","17.472","13.811","13.811","528.01M","-20.95%"
"02/27/2021","13.669","13.811","13.669","13.669","439.22M","-1.03%"
"02/28/2021","13.311","13.669","13.311","13.311","331.65M","-2.62%"
"03/01/2021","13.031","13.311","13.031","13.031","388.23M","-2.11%"
"03/02/2021","15.03","13.031","15.03","15.03","392.44M","15.34%"
"03/03/2021","14.01","15.03","14.01","14.01","225.14M","-6.79%"
"03/04/2021","14.131","14.01","14.131","14.131","196.77M","0.86%"
"03/05/2021","13.115","14.131","13.115","13.115","147.66M","-7.19%"
"03/06/2021","12.631","13.115","12.631","12.631","114.43M","-3.69%"
"03/07/2021","13.068","12.631","13.068","13.068","151.72M","3.46%"
"03/08/2021","13.917","13.068","13.917","13.917","176.39M","6.5%"
"03/09/2021","13.64","13.917","13.64","13.64","135.03M","-1.99%"
"03/10/2021","14.867","13.64","14.867","14.867","168.0M","8.99%"
"03/11/2021","14.234","14.867","14.234","14.234","146.46M","-4.26%"
"03/12/2021","15.977","14.234","15.977","15.977","296.65M","12.25%"
"03/13/2021","14.599","15.977","14.599","14.599","234.67M","-8.62%"
"03/14/2021","15.318","14.599","15.318","15.318","187.96M","4.93%"
"03/15/2021","14.567","15.318","14.567","14.567","111.82M","-4.9%"
"03/16/2021","14.163","14.567","14.163","14.163","133.19M","-2.77%"
"03/17/2021","13.689","14.163","13.689","13.689","144.94M","-3.35%"
"03/18/2021","14.278","13.689","14.278","14.278","118.13M","4.3%"
"03/19/2021","14.269","14.278","14.269","14.269","98.34M","-0.06%"
"03/20/2021","14.183","14.269","14.183","14.183","86.84M","-0.6%"
"03/21/2021","14.276","14.183","14.276","14.276","86.34M","0.66%"
"03/22/2021","14.306","14.276","14.306","14.306","79.48M","0.21%"
"03/23/2021","14.87","14.306","14.87","14.87","326.59M","3.94%"
"03/24/2021","14.195","14.87","14.195","14.195","133.89M","-4.54%"
"03/25/2021","13.604","14.195","13.604","13.604","147.91M","-4.16%"
"03/26/2021","12.965","13.604","12.965","12.965","143.84M","-4.7%"
"03/27/2021","14.749","12.965","14.749","14.749","183.73M","13.76%"
"03/28/2021","16.566","14.749","16.566","16.566","282.81M","12.32%"
"03/29/2021","18.008","16.566","18.008","18.008","534.85M","8.7%"
"03/30/2021","18.885","18.008","18.885","18.885","266.28M","4.87%"
"03/31/2021","19.176","18.885","19.176","19.176","320.69M","1.54%"
"04/01/2021","19.487","19.176","19.487","19.487","255.37M","1.62%"
"04/02/2021","19.055","19.487","19.055","19.055","213.52M","-2.21%"
"04/03/2021","19.738","19.055","19.738","19.738","162.07M","3.58%"
"04/04/2021","22.599","19.738","22.599","22.599","600.72M","14.49%"
"04/05/2021","24.023","22.599","24.023","24.023","536.25M","6.3%"
"04/06/2021","22.943","24.023","22.943","22.943","324.31M","-4.5%"
"04/07/2021","24.99","22.943","24.99","24.99","404.12M","8.92%"
"04/08/2021","26.675","24.99","26.675","26.675","714.31M","6.74%"
"04/09/2021","27.005","26.675","27.005","27.005","445.72M","1.24%"
"04/10/2021","27.785","27.005","27.785","27.785","351.75M","2.89%"
"04/11/2021","26.834","27.785","26.834","26.834","340.11M","-3.42%"
"04/12/2021","27.818","26.834","27.818","27.818","293.81M","3.67%"
"04/13/2021","28.524","27.818","28.524","28.524","388.17M","2.54%"
"04/14/2021","27.57","28.524","27.57","27.57","327.66M","-3.35%"
"04/15/2021","26.452","27.57","26.452","26.452","425.3M","-4.06%"
"04/16/2021","27.829","26.452","27.829","27.829","267.94M","5.21%"
"04/17/2021","25.28","27.829","25.28","25.28","294.3M","-9.16%"
"04/18/2021","25.011","25.28","25.011","25.011","259.79M","-1.07%"
"04/19/2021","32.43","25.011","32.43","32.43","1456.34M","29.66%"
"04/20/2021","31.725","32.43","31.725","31.725","1138.69M","-2.17%"
"04/21/2021","31.688","31.725","31.688","31.688","982.11M","-0.12%"
"04/22/2021","32.314","31.688","32.314","32.314","916.54M","1.97%"
"04/23/2021","39.042","32.314","39.042","39.042","1619.3M","20.82%"
"04/24/2021","37.067","39.042","37.067","37.067","2170.85M","-5.06%"
"04/25/2021","40.745","37.067","40.745","40.745","1508.72M","9.92%"
"04/26/2021","47.662","40.745","47.662","47.662","2115.95M","16.98%"
"04/27/2021","44.496","47.662","44.496","44.496","1808.65M","-6.64%"
"04/28/2021","43.218","44.496","43.218","43.218","889.45M","-2.87%"
"04/29/2021","45.04","43.218","45.04","45.04","1328.46M","4.22%"
"04/30/2021","42.582","45.04","42.582","42.582","1007.55M","-5.46%"
"05/01/2021","42.995","42.582","42.995","42.995","715.48M","0.97%"
"05/02/2021","49.663","42.995","49.663","49.663","1107.8M","15.51%"
"05/03/2021","46.935","49.663","46.935","46.935","736.25M","-5.49%"
"05/04/2021","46.088","46.935","46.088","46.088","754.32M","-1.8%"
"05/05/2021","42.702","46.088","42.702","42.702","850.97M","-7.35%"
"05/06/2021","44.893","42.702","44.893","44.893","632.99M","5.13%"
"05/07/2021","43.438","44.893","43.438","43.438","496.64M","-3.24%"
"05/08/2021","43.072","43.438","43.072","43.072","628.08M","-0.84%"
"05/09/2021","45.686","43.072","45.686","45.686","565.02M","6.07%"
"05/10/2021","44.359","45.686","44.359","44.359","631.36M","-2.9%"
"05/11/2021","42.96","44.359","42.96","42.96","610.75M","-3.15%"
"05/12/2021","44.724","42.96","44.724","44.724","587.95M","4.11%"
"05/13/2021","43.622","44.724","43.622","43.622","1387.8M","-2.47%"
"05/14/2021","41.11","43.622","41.11","41.11","1273.76M","-5.76%"
"05/15/2021","42.872","41.11","42.872","42.872","536.55M","4.29%"
"05/16/2021","43.462","42.872","43.462","43.462","617.41M","1.38%"
"05/17/2021","47.177","43.462","47.177","47.177","2249.7M","8.55%"
"05/18/2021","46.862","47.177","46.862","46.862","2104.91M","-0.67%"
"05/19/2021","56.202","46.862","56.202","56.202","2063.4M","19.93%"
"05/20/2021","35.759","56.202","35.759","35.759","2921.07M","-36.37%"
"05/21/2021","44.526","35.759","44.526","44.526","2519.34M","24.52%"
"05/22/2021","38.432","44.526","38.432","38.432","1807.47M","-13.69%"
"05/23/2021","31.615","38.432","31.615","31.615","1134.74M","-17.74%"
"05/24/2021","24.768","31.615","24.768","24.768","1988.07M","-21.66%"
"05/25/2021","30.985","24.768","30.985","30.985","1351.44M","25.1%"
"05/26/2021","30.006","30.985","30.006","30.006","934.61M","-3.16%"
"05/27/2021","35.65","30.006","35.65","35.65","1118.63M","18.81%"
"05/28/2021","33.659","35.65","33.659","33.659","662.07M","-5.58%"
"05/29/2021","29.022","33.659","29.022","29.022","624.11M","-13.78%"
"05/30/2021","27.557","29.022","27.557","27.557","402.04M","-5.05%"
"05/31/2021","28.562","27.557","28.562","28.562","385.51M","3.65%"
"06/01/2021","32.662","28.562","32.662","32.662","556.48M","14.35%"
"06/02/2021","30.985","32.662","30.985","30.985","451.12M","-5.13%"
"06/03/2021","34.188","30.985","34.188","34.188","526.54M","10.34%"
"06/04/2021","39.707","34.188","39.707","39.707","1003.18M","16.14%"
"06/05/2021","37.599","39.707","37.599","37.599","1090.39M","-5.31%"
"06/06/2021","39.34","37.599","39.34","39.34","1151.59M","4.63%"
"06/07/2021","42.26","39.34","42.26","42.26","825.02M","7.42%"
"06/08/2021","38.195","42.26","38.195","38.195","942.58M","-9.62%"
"06/09/2021","41.417","38.195","41.417","41.417","1825.25M","8.44%"
"06/10/2021","42.078","41.417","42.078","42.078","1272.17M","1.59%"
"06/11/2021","41.206","42.078","41.206","41.206","624.24M","-2.07%"
"06/12/2021","36.09","41.206","36.09","36.09","558.8M","-12.41%"
"06/13/2021","36.568","36.09","36.568","36.568","584.58M","1.32%"
"06/14/2021","38.82","36.568","38.82","38.82","488.54M","6.16%"
"06/15/2021","39.644","38.82","39.644","39.644","564.06M","2.12%"
"06/16/2021","39.699","39.644","39.699","39.699","508.65M","0.14%"
"06/17/2021","39.548","39.699","39.548","39.548","636.54M","-0.38%"
"06/18/2021","39.327","39.548","39.327","39.327","472.93M","-0.56%"
"06/19/2021","36.624","39.327","36.624","36.624","481.56M","-6.87%"
"06/20/2021","35.26","36.624","35.26","35.26","302.28M","-3.72%"
"06/21/2021","35.284","35.26","35.284","35.284","507.51M","0.07%"
"06/22/2021","26.595","35.284","26.595","26.595","836.9M","-24.63%"
"06/23/2021","26.729","26.595","26.729","26.729","1371.34M","0.5%"
"06/24/2021","30.879","26.729","30.879","30.879","1203.44M","15.53%"
"06/25/2021","31.441","30.879","31.441","31.441","732.65M","1.82%"
"06/26/2021","29.237","31.441","29.237","29.237","737.66M","-7.01%"
"06/27/2021","29.375","29.237","29.375","29.375","639.62M","0.47%"
"06/28/2021","31.675","29.375","31.675","31.675","572.1M","7.83%"
"06/29/2021","33.114","31.675","33.114","33.114","674.52M","4.54%"
"06/30/2021","33.923","33.114","33.923","33.923","645.57M","2.44%"
"07/01/2021","35.834","33.923","35.834","35.834","791.09M","5.63%"
"07/02/2021","33.556","35.834","33.556","33.556","663.49M","-6.36%"
"07/03/2021","33.959","33.556","33.959","33.959","607.35M","1.2%"
"07/04/2021","34.466","33.959","34.466","34.466","462.04M","1.49%"
"07/05/2021","34.449","34.466","34.449","34.449","424.94M","-0.05%"
"07/06/2021","33.12","34.449","33.12","33.12","436.66M","-3.86%"
"07/07/2021","34.291","33.12","34.291","34.291","499.8M","3.54%"
"07/08/2021","36.657","34.291","36.657","36.657","727.58M","6.9%"
"07/09/2021","33.514","36.657","33.514","33.514","691.93M","-8.57%"
"07/10/2021","33.532","33.514","33.532","33.532","454.19M","0.05%"
"07/11/2021","31.939","33.532","31.939","31.939","415.85M","-4.75%"
"07/12/2021","32.123","31.939","32.123","32.123","296.17M","0.58%"
"07/13/2021","30.953","32.123","30.953","30.953","312.33M","-3.64%"
"07/14/2021","29.162","30.953","29.162","29.162","270.39M","-5.79%"
"07/15/2021","31.236","29.162","31.236","31.236","474.45M","7.11%"
"07/16/2021","28.324","31.236","28.324","28.324","469.05M","-9.32%"
"07/17/2021","26.263","28.324","26.263","26.263","372.12M","-7.27%"
"07/18/2021","26.792","26.263","26.792","26.792","292.65M","2.01%"
"07/19/2021","26.894","26.792","26.894","26.894","227.07M","0.38%"
"07/20/2021","24.816","26.894","24.816","24.816","370.35M","-7.73%"
"07/21/2021","23.858","24.816","23.858","23.858","422.16M","-3.86%"
"07/22/2021","26.672","23.858","26.672","26.672","573.15M","11.79%"
"07/23/2021","27.763","26.672","27.763","27.763","375.8M","4.09%"
"07/24/2021","28.376","27.763","28.376","28.376","407.43M","2.21%"
"07/25/2021","28.59","28.376","28.59","28.59","363.38M","0.76%"
"07/26/2021","28.319","28.59","28.319","28.319","316.5M","-0.95%"
"07/27/2021","28.097","28.319","28.097","28.097","755.25M","-0.78%"
"07/28/2021","27.951","28.097","27.951","27.951","375.19M","-0.52%"
"07/29/2021","27.872","27.951","27.872","27.872","324.32M","-0.28%"
"07/30/2021","31.417","27.872","31.417","31.417","490.24M","12.72%"
"07/31/2021","32.253","31.417","32.253","32.253","673.48M","2.66%"
"08/01/2021","36.249","32.253","36.249","36.249","614.04M","12.39%"
"08/02/2021","34.173","36.249","34.173","34.173","548.58M","-5.73%"
"08/03/2021","33.275","34.173","33.275","33.275","463.81M","-2.63%"
"08/04/2021","34.34","33.275","34.34","34.34","535.39M","3.2%"
"08/05/2021","35.905","34.34","35.905","35.905","453.65M","4.56%"
"08/06/2021","37.48","35.905","37.48","37.48","642.28M","4.38%"
"08/07/2021","39.54","37.48","39.54","39.54","634.97M","5.5%"
"08/08/2021","39.383","39.54","39.383","39.383","567.72M","-0.4%"
"08/09/2021","37.666","39.383","37.666","37.666","387.95M","-4.36%"
"08/10/2021","38.763","37.666","38.763","38.763","392.76M","2.91%"
"08/11/2021","40.663","38.763","40.663","40.663","512.01M","4.9%"
"08/12/2021","41.799","40.663","41.799","41.799","518.47M","2.79%"
"08/13/2021","41.19","41.799","41.19","41.19","501.99M","-1.46%"
"08/14/2021","44.693","41.19","44.693","44.693","536.71M","8.5%"
"08/15/2021","44.063","44.693","44.063","44.063","375.78M","-1.41%"
"08/16/2021","53.678","44.063","53.678","53.678","1453.94M","21.82%"
"08/17/2021","62.277","53.678","62.277","62.277","3744.58M","16.02%"
"08/18/2021","64.303","62.277","64.303","64.303","4071.43M","3.25%"
"08/19/2021","74.005","64.303","74.005","74.005","4552.45M","15.09%"
"08/20/2021","73.049","74.005","73.049","73.049","2751.97M","-1.29%"
"08/21/2021","78.449","73.049","78.449","78.449","1816.39M","7.39%"
"08/22/2021","74.218","78.449","74.218","74.218","1502.85M","-5.39%"
"08/23/2021","73.126","74.218","73.126","73.126","1004.79M","-1.47%"
"08/24/2021","75.97","73.126","75.97","75.97","1376.62M","3.89%"
"08/25/2021","71.213","75.97","71.213","71.213","1645.44M","-6.26%"
"08/26/2021","71.511","71.213","71.511","71.511","1460.93M","0.42%"
"08/27/2021","76.114","71.511","76.114","76.114","2687.94M","6.44%"
"08/28/2021","87.968","76.114","87.968","87.968","3193.85M","15.57%"
"08/29/2021","97.067","87.968","97.067","97.067","2343.52M","10.34%"
"08/30/2021","94.01","97.067","94.01","94.01","1619.24M","-3.15%"
"08/31/2021","109.647","94.01","109.647","109.647","4827.16M","16.63%"
"09/01/2021","108.706","109.647","108.706","108.706","7097.44M","-0.86%"
"09/02/2021","110.818","108.706","110.818","110.818","3649.71M","1.94%"
"09/03/2021","128.674","110.818","128.674","128.674","4623.25M","16.11%"
"09/04/2021","146.358","128.674","146.358","146.358","6871.22M","13.74%"
"09/05/2021","139.594","146.358","139.594","139.594","3607.65M","-4.62%"
"09/06/2021","142.136","139.594","142.136","142.136","2711.25M","1.82%"
"09/07/2021","164.561","142.136","164.561","164.561","5245.86M","15.78%"
"09/08/2021","173.311","164.561","173.311","173.311","16149.09M","5.32%"
"09/09/2021","189.344","173.311","189.344","189.344","12034.76M","9.25%"
"09/10/2021","188.276","189.344","188.276","188.276","12182.43M","-0.56%"
"09/11/2021","178.32","188.276","178.32","178.32","6992.11M","-5.29%"
"09/12/2021","177.942","178.32","177.942","177.942","5327.21M","-0.21%"
"09/13/2021","174.881","177.942","174.881","174.881","3006.79M","-1.72%"
"09/14/2021","169.277","174.881","169.277","169.277","6270.54M","-3.2%"
"09/15/2021","157.378","169.277","157.378","157.378","5484.25M","-7.03%"
"09/16/2021","158.596","157.378","158.596","158.596","3973.59M","0.77%"
"09/17/2021","151.948","158.596","151.948","151.948","3163.02M","-4.19%"
"09/18/2021","147.584","151.948","147.584","147.584","4637.33M","-2.87%"
"09/19/2021","170.11","147.584","170.11","170.11","5288.9M","15.26%"
"09/20/2021","153.326","170.11","153.326","153.326","3442.77M","-9.87%"
"09/21/2021","133.369","153.326","133.369","133.369","5652.87M","-13.02%"
"09/22/2021","122.692","133.369","122.692","122.692","5306.96M","-8.01%"
"09/23/2021","148.329","122.692","148.329","148.329","4912.18M","20.9%"
"09/24/2021","150.39","148.329","150.39","150.39","3353.53M","1.39%"
"09/25/2021","139.314","150.39","139.314","139.314","3863.69M","-7.36%"
"09/26/2021","136.835","139.314","136.835","136.835","2059.64M","-1.78%"
"09/27/2021","135.796","136.835","135.796","135.796","2683.41M","-0.76%"
"09/28/2021","136.26","135.796","136.26","136.26","2989.64M","0.34%"
"09/29/2021","130.605","136.26","130.605","130.605","2409.48M","-4.15%"
"09/30/2021","135.279","130.605","135.279","135.279","2423.22M","3.58%"
"10/01/2021","141.184","135.279","141.184","141.184","2213.93M","4.36%"
"10/02/2021","161.374","141.184","161.374","161.374","4217.1M","14.3%"
"10/03/2021","169.209","161.374","169.209","169.209","3290.8M","4.86%"
"10/04/2021","172.856","169.209","172.856","172.856","2990.39M","2.16%"
"10/05/2021","167.878","172.856","167.878","167.878","3108.61M","-2.88%"
"10/06/2021","164.369","167.878","164.369","164.369","2550.03M","-2.09%"
"10/07/2021","154.095","164.369","154.095","154.095","3216.05M","-6.25%"
"10/08/2021","154.26","154.095","154.26","154.26","2469.49M","0.11%"
"10/09/2021","158.915","154.26","158.915","158.915","2714.91M","3.02%"
"10/10/2021","157.335","158.915","157.335","157.335","1421.85M","-0.99%"
"10/11/2021","147.696","157.335","147.696","147.696","1495.9M","-6.13%"
"10/12/2021","144.859","147.696","144.859","144.859","1718.48M","-1.92%"
"10/13/2021","152.001","144.859","152.001","152.001","2766.26M","4.93%"
"10/14/2021","148.392","152.001","148.392","148.392","1975.67M","-2.37%"
"10/15/2021","150.091","148.392","150.091","150.091","1912.98M","1.15%"
"10/16/2021","162.982","150.091","162.982","162.982","3892.26M","8.59%"
"10/17/2021","158.274","162.982","158.274","158.274","1481.56M","-2.89%"
"10/18/2021","159.863","158.274","159.863","159.863","2132.94M","1.0%"
"10/19/2021","157.375","159.863","157.375","157.375","1619.04M","-1.56%"
"10/20/2021","156.391","157.375","156.391","156.391","1345.98M","-0.63%"
"10/21/2021","175.602","156.391","175.602","175.602","3069.13M","12.28%"
"10/22/2021","189.059","175.602","189.059","189.059","6298.93M","7.66%"
"10/23/2021","197.834","189.059","197.834","197.834","6789.56M","4.64%"
"10/24/2021","198.307","197.834","198.307","198.307","2951.22M","0.24%"
"10/25/2021","203.165","198.307","203.165","203.165","3114.59M","2.45%"
"10/26/2021","211.191","203.165","211.191","211.191","4469.23M","3.95%"
"10/27/2021","199.75","211.191","199.75","199.75","3052.8M","-5.42%"
"10/28/2021","183.543","199.75","183.543","183.543","4812.69M","-8.11%"
"10/29/2021","195.086","183.543","195.086","195.086","3385.64M","6.29%"
"10/30/2021","199.785","195.086","199.785","199.785","2703.33M","2.41%"
"10/31/2021","193.338","199.785","193.338","193.338","1651.08M","-3.23%"
"11/01/2021","202.391","193.338","202.391","202.391","2508.96M","4.68%"
"11/02/2021","203.814","202.391","203.814","203.814","3098.39M","0.7%"
"11/03/2021","220.654","203.814","220.654","220.654","2953.1M","8.26%"
"11/04/2021","242.046","220.654","242.046","242.046","5949.1M","9.69%"
"11/05/2021","249.063","242.046","249.063","249.063","4457.17M","2.9%"
"11/06/2021","237.889","249.063","237.889","237.889","2814.46M","-4.49%"
"11/07/2021","259.24","237.889","259.24","259.24","3906.16M","8.97%"
"11/08/2021","250.365","259.24","250.365","250.365","2644.01M","-3.42%"
"11/09/2021","248.822","250.365","248.822","248.822","3223.92M","-0.62%"
"11/10/2021","239.42","248.822","239.42","239.42","2681.22M","-3.78%"
"11/11/2021","233.074","239.42","233.074","233.074","3800.89M","-2.65%"
"11/12/2021","234.864","233.074","234.864","234.864","2618.46M","0.77%"
"11/13/2021","229.399","234.864","229.399","229.399","2941.6M","-2.33%"
"11/14/2021","241.335","229.399","241.335","241.335","2171.33M","5.2%"
"11/15/2021","239.514","241.335","239.514","239.514","1611.36M","-0.75%"
"11/16/2021","238.765","239.514","238.765","238.765","2359.33M","-0.31%"
"11/17/2021","220.098","238.765","220.098","220.098","3508.78M","-7.82%"
"11/18/2021","219.106","220.098","219.106","219.106","2879.29M","-0.45%"
"11/19/2021","195.079","219.106","195.079","195.079","3731.84M","-10.97%"
"11/20/2021","215.835","195.079","215.835","215.835","3291.84M","10.64%"
"11/21/2021","218.329","215.835","218.329","218.329","1870.04M","1.16%"
"11/22/2021","232.441","218.329","232.441","232.441","2555.18M","6.46%"
"11/23/2021","216.399","232.441","216.399","216.399","3174.54M","-6.9%"
"11/24/2021","222.098","216.399","222.098","222.098","2144.05M","2.63%"
"11/25/2021","205.549","222.098","205.549","205.549","2339.65M","-7.45%"
"11/26/2021","209.792","205.549","209.792","209.792","2227.84M","2.06%"
"11/27/2021","192.147","209.792","192.147","192.147","3216.47M","-8.41%"
"11/28/2021","192.136","192.147","192.136","192.136","1351.63M","-0.01%"
"11/29/2021","200.461","192.136","200.461","200.461","1935.38M","4.33%"
"11/30/2021","204.35","200.461","204.35","204.35","2007.4M","1.94%"
"12/01/2021","208.706","204.35","208.706","208.706","2697.16M","2.13%"
"12/02/2021","229.449","208.706","229.449","229.449","3392.09M","9.94%"
"12/03/2021","232.572","229.449","232.572","232.572","3994.51M","1.36%"
"12/04/2021","212.134","232.572","212.134","212.134","3755.64M","-8.79%"
"12/05/2021","200.941","212.134","200.941","200.941","5616.79M","-5.28%"
"12/06/2021","196.569","200.941","196.569","196.569","3228.92M","-2.18%"
"12/07/2021","193.892","196.569","193.892","193.892","3396.2M","-1.36%"
"12/08/2021","190.373","193.892","190.373","190.373","2433.28M","-1.82%"
"12/09/2021","194.301","190.373","194.301","194.301","2194.88M","2.06%"
"12/10/2021","181.752","194.301","181.752","181.752","1858.81M","-6.46%"
"12/11/2021","169.461","181.752","169.461","169.461","1946.1M","-6.76%"
"12/12/2021","171.845","169.461","171.845","171.845","1791.15M","1.41%"
"12/13/2021","173.735","171.845","173.735","173.735","1094.4M","1.1%"
"12/14/2021","155.085","173.735","155.085","155.085","2372.39M","-10.73%"
"12/15/2021","161.06","155.085","161.06","161.06","2156.9M","3.85%"
"12/16/2021","178.262","161.06","178.262","178.262","3458.99M","10.68%"
"12/17/2021","176.806","178.262","176.806","176.806","2454.64M","-0.82%"
"12/18/2021","175.791","176.806","175.791","175.791","2355.53M","-0.57%"
"12/19/2021","182.971","175.791","182.971","182.971","1440.76M","4.08%"
"12/20/2021","179.938","182.971","179.938","179.938","1441.25M","-1.66%"
"12/21/2021","174.371","179.938","174.371","174.371","1718.45M","-3.09%"
"12/22/2021","180.126","174.371","180.126","180.126","1539.49M","3.3%"
"12/23/2021","178.574","180.126","178.574","178.574","1635.08M","-0.86%"
"12/24/2021","190.512","178.574","190.512","190.512","1932.69M","6.69%"
"12/25/2021","190.44","190.512","190.44","190.44","1997.42M","-0.04%"
"12/26/2021","193.289","190.44","193.289","193.289","1257.99M","1.5%"
"12/27/2021","198.197","193.289","198.197","198.197","1747.48M","2.54%"
"12/28/2021","196.039","198.197","196.039","196.039","1631.73M","-1.09%"
"12/29/2021","178.298","196.039","178.298","178.298","2541.8M","-9.05%"
"12/30/2021","171.272","178.298","171.272","171.272","1935.54M","-3.94%"
"12/31/2021","172.509","171.272","172.509","172.509","1379.26M","0.72%"
"01/01/2022","170.197","172.509","170.197","170.197","1380.63M","-1.34%"
"01/02/2022","178.889","170.197","178.889","178.889","960.14M","5.11%"
"01/03/2022","176.321","178.889","176.321","176.321","846.8M","-1.44%"
"01/04/2022","170.571","176.321","170.571","170.571","1152.1M","-3.26%"
"01/05/2022","168.039","170.571","168.039","168.039","1361.21M","-1.48%"
"01/06/2022","155.717","168.039","155.717","155.717","1980.98M","-7.33%"
"01/07/2022","150.724","155.717","150.724","150.724","1922.95M","-3.21%"
"01/08/2022","136.613","150.724","136.613","136.613","2713.16M","-9.36%"
"01/09/2022","142.377","136.613","142.377","142.377","2495.1M","4.22%"
"01/10/2022","140.971","142.377","140.971","140.971","1383.49M","-0.99%"
"01/11/2022","135.982","140.971","135.982","135.982","1797.34M","-3.54%"
"01/12/2022","140.263","135.982","140.263","140.263","1407.73M","3.15%"
"01/13/2022","151.922","140.263","151.922","151.922","2048.46M","8.31%"
"01/14/2022","146.899","151.922","146.899","146.899","1972.17M","-3.31%"
"01/15/2022","146.313","146.899","146.313","146.313","1627.09M","-0.4%"
"01/16/2022","147.704","146.313","147.704","147.704","1003.16M","0.95%"
"01/17/2022","147.942","147.704","147.942","147.942","1064.53M","0.16%"
"01/18/2022","140.048","147.942","140.048","140.048","1342.94M","-5.34%"
"01/19/2022","141.634","140.048","141.634","141.634","1327.5M","1.13%"
"01/20/2022","135.594","141.634","135.594","135.594","1310.09M","-4.26%"
"01/21/2022","128.569","135.594","128.569","128.569","1371.67M","-5.18%"
"01/22/2022","111.775","128.569","111.775","111.775","3853.06M","-13.06%"
"01/23/2022","94.515","111.775","94.515","94.515","4095.84M","-15.44%"
"01/24/2022","99.692","94.515","99.692","99.692","2611.99M","5.48%"
"01/25/2022","91.915","99.692","91.915","91.915","4359.83M","-7.8%"
"01/26/2022","95.093","91.915","95.093","95.093","2614.01M","3.46%"
"01/27/2022","92.248","95.093","92.248","92.248","2847.75M","-2.99%"
"01/28/2022","89.602","92.248","89.602","89.602","2421.52M","-2.87%"
"01/29/2022","91.426","89.602","91.426","91.426","1882.87M","2.04%"
"01/30/2022","96.179","91.426","96.179","96.179","1478.95M","5.2%"
"01/31/2022","93.403","96.179","93.403","93.403","941.97M","-2.89%"
"02/01/2022","99.89","93.403","99.89","99.89","1715.57M","6.95%"
"02/02/2022","110.127","99.89","110.127","110.127","3097.99M","10.25%"
"02/03/2022","101.829","110.127","101.829","101.829","2979.45M","-7.54%"
"02/04/2022","100.878","101.829","100.878","100.878","2283.97M","-0.93%"
"02/05/2022","112.481","100.878","112.481","112.481","2844.88M","11.5%"
"02/06/2022","114.333","112.481","114.333","114.333","2104.15M","1.65%"
"02/07/2022","115.283","114.333","115.283","115.283","1281.44M","0.83%"
"02/08/2022","117.672","115.283","117.672","117.672","2230.15M","2.07%"
"02/09/2022","113.697","117.672","113.697","113.697","2354.53M","-3.38%"
"02/10/2022","114.344","113.697","114.344","114.344","1634.21M","0.57%"
"02/11/2022","106.418","114.344","106.418","106.418","1963.72M","-6.93%"
"02/12/2022","96.463","106.418","96.463","96.463","1738.21M","-9.35%"
"02/13/2022","95.7","96.463","95.7","95.7","1336.52M","-0.79%"
"02/14/2022","93.367","95.7","93.367","93.367","910.05M","-2.44%"
"02/15/2022","96.442","93.367","96.442","96.442","1364.92M","3.29%"
"02/16/2022","104.851","96.442","104.851","104.851","1630.62M","8.72%"
"02/17/2022","101.956","104.851","101.956","101.956","1473.08M","-2.76%"
"02/18/2022","93.405","101.956","93.405","93.405","1463.18M","-8.39%"
"02/19/2022","90.109","93.405","90.109","90.109","1290.68M","-3.53%"
"02/20/2022","91.606","90.109","91.606","91.606","836.88M","1.66%"
"02/21/2022","90.803","91.606","90.803","90.803","1428.52M","-0.88%"
"02/22/2022","83.144","90.803","83.144","83.144","2247.46M","-8.44%"
"02/23/2022","86.573","83.144","86.573","86.573","1577.88M","4.12%"
"02/24/2022","85.269","86.573","85.269","85.269","1761.31M","-1.51%"
"02/25/2022","89.051","85.269","89.051","89.051","4075.67M","4.44%"
"02/26/2022","92.736","89.051","92.736","92.736","2417.5M","4.14%"
"02/27/2022","90.108","92.736","90.108","90.108","1316.25M","-2.83%"
"02/28/2022","85.568","90.108","85.568","85.568","1559.33M","-5.04%"
"03/01/2022","99.579","85.568","99.579","99.579","2674.55M","16.37%"
"03/02/2022","98.758","99.579","98.758","98.758","2476.56M","-0.82%"
"03/03/2022","100.79","98.758","100.79","100.79","2951.04M","2.06%"
"03/04/2022","95.559","100.79","95.559","95.559","1795.54M","-5.19%"
"03/05/2022","88.245","95.559","88.245","88.245","2029.34M","-7.65%"
"03/06/2022","89.789","88.245","89.789","89.789","1164.11M","1.75%"
"03/07/2022","84.639","89.789","84.639","84.639","1139.25M","-5.74%"
"03/08/2022","82.067","84.639","82.067","82.067","1884.46M","-3.04%"
"03/09/2022","82.254","82.067","82.254","82.254","1704.06M","0.23%"
"03/10/2022","88.185","82.254","88.185","88.185","2082.13M","7.21%"
"03/11/2022","83.025","88.185","83.025","83.025","1706.78M","-5.85%"
"03/12/2022","80.691","83.025","80.691","80.691","1382.84M","-2.81%"
"03/13/2022","81.61","80.691","81.61","81.61","776.19M","1.14%"
"03/14/2022","78.998","81.61","78.998","78.998","949.64M","-3.2%"
"03/15/2022","81.169","78.998","81.169","81.169","1317.77M","2.75%"
"03/16/2022","82.944","81.169","82.944","82.944","1247.13M","2.19%"
"03/17/2022","87.85","82.944","87.85","87.85","1872.44M","5.91%"
"03/18/2022","87.968","87.85","87.968","87.968","1939.38M","0.13%"
"03/19/2022","89.906","87.968","89.906","89.906","2216.69M","2.2%"
"03/20/2022","92.404","89.906","92.404","92.404","1493.44M","2.78%"
"03/21/2022","88.596","92.404","88.596","88.596","954.77M","-4.12%"
"03/22/2022","88.77","88.596","88.77","88.77","1145.75M","0.2%"
"03/23/2022","90.504","88.77","90.504","90.504","1405.73M","1.95%"
"03/24/2022","94.92","90.504","94.92","94.92","1433.43M","4.88%"
"03/25/2022","102.18","94.92","102.18","102.18","2412.1M","7.65%"
"03/26/2022","98.647","102.18","98.647","98.647","1817.21M","-3.46%"
"03/27/2022","101.641","98.647","101.641","101.641","1009.51M","3.04%"
"03/28/2022","106.91","101.641","106.91","106.91","1301.98M","5.18%"
"03/29/2022","106.24","106.91","106.24","106.24","2396.33M","-0.63%"
"03/30/2022","111.746","106.24","111.746","111.746","2434.69M","5.18%"
"03/31/2022","120.699","111.746","120.699","120.699","3208.46M","8.01%"
"04/01/2022","122.761","120.699","122.761","122.761","3421.56M","1.71%"
"04/02/2022","134.371","122.761","134.371","134.371","3831.72M","9.46%"
"04/03/2022","132.266","134.371","132.266","132.266","2989.2M","-1.57%"
"04/04/2022","136.675","132.266","136.675","136.675","2277.97M","3.33%"
"04/05/2022","132.345","136.675","132.345","132.345","2483.67M","-3.17%"
"04/06/2022","126.606","132.345","126.606","126.606","2136.27M","-4.34%"
"04/07/2022","112.529","126.606","112.529","112.529","3198.02M","-11.12%"
"04/08/2022","118.688","112.529","118.688","118.688","2381.09M","5.47%"
"04/09/2022","109.691","118.688","109.691","109.691","2314.9M","-7.58%"
"04/10/2022","113.006","109.691","113.006","113.006","1201.16M","3.02%"
"04/11/2022","112.174","113.006","112.174","112.174","1163.11M","-0.74%"
"04/12/2022","99.453","112.174","99.453","99.453","2180.41M","-11.34%"
"04/13/2022","103.503","99.453","103.503","103.503","2285.18M","4.07%"
"04/14/2022","104.844","103.503","104.844","104.844","1533.59M","1.3%"
"04/15/2022","100.739","104.844","100.739","100.739","1652.77M","-3.92%"
"04/16/2022","101.347","100.739","101.347","101.347","1039.85M","0.6%"
"04/17/2022","102.312","101.347","102.312","102.312","753.84M","0.95%"
"04/18/2022","100.443","102.312","100.443","100.443","1010.55M","-1.83%"
"04/19/2022","102.265","100.443","102.265","102.265","1645.73M","1.81%"
"04/20/2022","108.541","102.265","108.541","108.541","1691.71M","6.14%"
"04/21/2022","105.595","108.541","105.595","105.595","1664.92M","-2.71%"
"04/22/2022","101.803","105.595","101.803","101.803","1757.79M","-3.59%"
"04/23/2022","100.639","101.803","100.639","100.639","1205.0M","-1.14%"
"04/24/2022","100.765","100.639","100.765","100.765","778.99M","0.12%"
"04/25/2022","99.171","100.765","99.171","99.171","819.71M","-1.58%"
"04/26/2022","101.293","99.171","101.293","101.293","1553.59M","2.14%"
"04/27/2022","95.713","101.293","95.713","95.713","1216.99M","-5.51%"
"04/28/2022","98.368","95.713","98.368","98.368","1141.93M","2.77%"
"04/29/2022","98.005","98.368","98.005","98.005","1172.68M","-0.37%"
"04/30/2022","94.095","98.005","94.095","94.095","1226.74M","-3.99%"
"05/01/2022","85.303","94.095","85.303","85.303","1165.7M","-9.34%"
"05/02/2022","89.738","85.303","89.738","89.738","1353.04M","5.2%"
"05/03/2022","87.605","89.738","87.605","87.605","1159.47M","-2.38%"
"05/04/2022","85.881","87.605","85.881","85.881","948.34M","-1.97%"
"05/05/2022","92.821","85.881","92.821","92.821","1327.47M","8.08%"
"05/06/2022","84.622","92.821","84.622","84.622","1637.13M","-8.83%"
"05/07/2022","81.76","84.622","81.76","81.76","1446.02M","-3.38%"
"05/08/2022","79.191","81.76","79.191","79.191","1090.78M","-3.14%"
"05/09/2022","74.922","79.191","74.922","74.922","1351.84M","-5.39%"
"05/10/2022","63.591","74.922","63.591","63.591","2515.61M","-15.12%"
"05/11/2022","66.732","63.591","66.732","66.732","3263.21M","4.94%"
"05/12/2022","50.321","66.732","50.321","50.321","3882.79M","-24.59%"
"05/13/2022","44.649","50.321","44.649","44.649","3786.28M","-11.27%"
"05/14/2022","48.605","44.649","48.605","48.605","2460.64M","8.86%"
"05/15/2022","52.537","48.605","52.537","52.537","1495.5M","8.09%"
"05/16/2022","58.845","52.537","58.845","58.845","1436.23M","12.01%"
"05/17/2022","53.649","58.845","53.649","53.649","1827.4M","-8.83%"
"05/18/2022","57.42","53.649","57.42","57.42","1508.26M","7.03%"
"05/19/2022","49.762","57.42","49.762","49.762","1511.11M","-13.34%"
"05/20/2022","52.332","49.762","52.332","52.332","1653.75M","5.17%"
"05/21/2022","49.585","52.332","49.585","49.585","1528.69M","-5.25%"
"05/22/2022","50.344","49.585","50.344","50.344","834.92M","1.53%"
"05/23/2022","52.767","50.344","52.767","52.767","907.95M","4.81%"
"05/24/2022","49.12","52.767","49.12","49.12","1478.21M","-6.91%"
"05/25/2022","49.637","49.12","49.637","49.637","1373.29M","1.05%"
"05/26/2022","48.056","49.637","48.056","48.056","1161.8M","-3.18%"
"05/27/2022","43.547","48.056","43.547","43.547","2324.63M","-9.38%"
"05/28/2022","40.998","43.547","40.998","40.998","2080.43M","-5.85%"
"05/29/2022","44.465","40.998","44.465","44.465","1266.58M","8.46%"
"05/30/2022","44.929","44.465","44.929","44.929","1285.77M","1.04%"
"05/31/2022","47.194","44.929","47.194","47.194","1756.2M","5.04%"
"06/01/2022","45.972","47.194","45.972","45.972","1569.96M","-2.59%"
"06/02/2022","40.24","45.972","40.24","40.24","1528.21M","-12.47%"
"06/03/2022","40.89","40.24","40.89","40.89","1645.02M","1.61%"
"06/04/2022","38.276","40.89","38.276","38.276","1353.89M","-6.39%"
"06/05/2022","38.978","38.276","38.978","38.978","1126.09M","1.83%"
"06/06/2022","38.463","38.978","38.463","38.463","1070.85M","-1.32%"
"06/07/2022","42.411","38.463","42.411","42.411","2033.44M","10.26%"
"06/08/2022","39.55","42.411","39.55","39.55","1810.98M","-6.75%"
"06/09/2022","38.842","39.55","38.842","38.842","1249.67M","-1.79%"
"06/10/2022","39.968","38.842","39.968","39.968","1272.67M","2.9%"
"06/11/2022","37.085","39.968","37.085","37.085","1271.1M","-7.21%"
"06/12/2022","33.807","37.085","33.807","33.807","1218.26M","-8.84%"
"06/13/2022","30.743","33.807","30.743","30.743","1436.08M","-9.06%"
"06/14/2022","28.193","30.743","28.193","28.193","2782.44M","-8.3%"
"06/15/2022","29.717","28.193","29.717","29.717","2251.27M","5.4%"
"06/16/2022","34.488","29.717","34.488","34.488","2629.57M","16.06%"
"06/17/2022","30.071","34.488","30.071","30.071","1921.58M","-12.81%"
"06/18/2022","30.873","30.071","30.873","30.873","1356.44M","2.67%"
"06/19/2022","31.819","30.873","31.819","31.819","1985.98M","3.07%"
"06/20/2022","34.192","31.819","34.192","34.192","2107.04M","7.46%"
"06/21/2022","35.469","34.192","35.469","35.469","2113.62M","3.73%"
"06/22/2022","36.139","35.469","36.139","36.139","1722.91M","1.89%"
"06/23/2022","34.23","36.139","34.23","34.23","1510.46M","-5.28%"
"06/24/2022","38.212","34.23","38.212","38.212","1701.45M","11.63%"
"06/25/2022","42.477","38.212","42.477","42.477","1721.98M","11.16%"
"06/26/2022","42.386","42.477","42.386","42.386","1289.45M","-0.21%"
"06/27/2022","39.498","42.386","39.498","39.498","1153.55M","-6.81%"
"06/28/2022","38.501","39.498","38.501","38.501","1122.61M","-2.53%"
"06/29/2022","35.326","38.501","35.326","35.326","1243.12M","-8.25%"
"06/30/2022","33.915","35.326","33.915","33.915","1300.63M","-3.99%"
"07/01/2022","33.315","33.915","33.315","33.315","1194.36M","-1.77%"
"07/02/2022","33.038","33.315","33.038","33.038","1323.59M","-0.83%"
"07/03/2022","33.422","33.038","33.422","33.422","649.7M","1.16%"
"07/04/2022","33.448","33.422","33.448","33.448","567.55M","0.08%"
"07/05/2022","36.779","33.448","36.779","36.779","986.92M","9.96%"
"07/06/2022","35.322","36.779","35.322","35.322","1434.57M","-3.96%"
"07/07/2022","37.093","35.322","37.093","37.093","1290.65M","5.01%"
"07/08/2022","38.547","37.093","38.547","38.547","1133.09M","3.92%"
"07/09/2022","38.594","38.547","38.594","38.594","1426.35M","0.12%"
"07/10/2022","38.06","38.594","38.06","38.06","623.42M","-1.38%"
"07/11/2022","36.727","38.06","36.727","36.727","648.5M","-3.5%"
"07/12/2022","33.509","36.727","33.509","33.509","789.92M","-8.76%"
"07/13/2022","32.819","33.509","32.819","32.819","821.87M","-2.06%"
"07/14/2022","34.946","32.819","34.946","34.946","1220.53M","6.48%"
"07/15/2022","37.176","34.946","37.176","37.176","1328.29M","6.38%"
"07/16/2022","37.44","37.176","37.44","37.44","1325.3M","0.71%"
"07/17/2022","39.601","37.44","39.601","39.601","1064.14M","5.77%"
"07/18/2022","38.624","39.601","38.624","38.624","1087.71M","-2.47%"
"07/19/2022","43.681","38.624","43.681","43.681","1523.09M","13.09%"
"07/20/2022","44.927","43.681","44.927","44.927","2407.64M","2.85%"
"07/21/2022","42.191","44.927","42.191","42.191","2006.72M","-6.09%"
"07/22/2022","43.186","42.191","43.186","43.186","1862.7M","2.36%"
"07/23/2022","40.575","43.186","40.575","40.575","1394.89M","-6.05%"
"07/24/2022","40.126","40.575","40.126","40.126","992.24M","-1.11%"
"07/25/2022","40.985","40.126","40.985","40.985","868.44M","2.14%"
"07/26/2022","36.7","40.985","36.7","36.7","1165.28M","-10.46%"
"07/27/2022","36.228","36.7","36.228","36.228","1096.64M","-1.29%"
"07/28/2022","40.295","36.228","40.295","40.295","1502.67M","11.23%"
"07/29/2022","42.831","40.295","42.831","42.831","1933.18M","6.29%"
"07/30/2022","42.14","42.831","42.14","42.14","1636.82M","-1.61%"
"07/31/2022","43.803","42.14","43.803","43.803","1727.84M","3.95%"
"08/01/2022","42.48","43.803","42.48","42.48","1063.14M","-3.02%"
"08/02/2022","41.701","42.48","41.701","41.701","992.13M","-1.83%"
"08/03/2022","40.212","41.701","40.212","40.212","1118.39M","-3.57%"
"08/04/2022","38.634","40.212","38.634","38.634","2172.4M","-3.92%"
"08/05/2022","38.945","38.634","38.945","38.945","1243.1M","0.8%"
"08/06/2022","40.497","38.945","40.497","40.497","1158.1M","3.99%"
"08/07/2022","40.176","40.497","40.176","40.176","656.06M","-0.79%"
"08/08/2022","40.646","40.176","40.646","40.646","582.2M","1.17%"
"08/09/2022","42.157","40.646","42.157","42.157","1163.07M","3.72%"
"08/10/2022","40.49","42.157","40.49","40.49","874.68M","-3.95%"
"08/11/2022","42.296","40.49","42.296","42.296","1417.79M","4.46%"
"08/12/2022","42.753","42.296","42.753","42.753","1782.05M","1.08%"
"08/13/2022","45.341","42.753","45.341","45.341","1081.17M","6.05%"
"08/14/2022","46.628","45.341","46.628","46.628","1223.89M","2.84%"
"08/15/2022","44.978","46.628","44.978","44.978","1000.63M","-3.54%"
"08/16/2022","43.903","44.978","43.903","43.903","1018.59M","-2.39%"
"08/17/2022","43.252","43.903","43.252","43.252","1075.54M","-1.48%"
"08/18/2022","40.556","43.252","40.556","40.556","1249.88M","-6.23%"
"08/19/2022","39.619","40.556","39.619","39.619","824.97M","-2.31%"
"08/20/2022","35.99","39.619","35.99","35.99","1786.76M","-9.16%"
"08/21/2022","35.232","35.99","35.232","35.232","1200.54M","-2.11%"
"08/22/2022","36.533","35.232","36.533","36.533","991.22M","3.69%"
"08/23/2022","35.49","36.533","35.49","35.49","1122.99M","-2.85%"
"08/24/2022","35.705","35.49","35.705","35.705","827.9M","0.61%"
"08/25/2022","34.982","35.705","34.982","34.982","908.13M","-2.03%"
"08/26/2022","35.347","34.982","35.347","35.347","656.36M","1.05%"
"08/27/2022","31.786","35.347","31.786","31.786","1248.9M","-10.07%"
"08/28/2022","31.639","31.786","31.639","31.639","698.08M","-0.46%"
"08/29/2022","30.631","31.639","30.631","30.631","505.61M","-3.19%"
"08/30/2022","32.468","30.631","32.468","32.468","829.39M","6.0%"
"08/31/2022","31.46","32.468","31.46","31.46","846.3M","-3.1%"
"09/01/2022","31.454","31.46","31.454","31.454","710.5M","-0.02%"
"09/02/2022","31.628","31.454","31.628","31.628","654.72M","0.55%"
"09/03/2022","31.196","31.628","31.196","31.196","627.14M","-1.36%"
"09/04/2022","31.076","31.196","31.076","31.076","287.51M","-0.39%"
"09/05/2022","32.145","31.076","32.145","32.145","370.56M","3.44%"
"09/06/2022","32.216","32.145","32.216","32.216","511.69M","0.22%"
"09/07/2022","30.933","32.216","30.933","30.933","1209.0M","-3.98%"
"09/08/2022","32.752","30.933","32.752","32.752","796.02M","5.88%"
"09/09/2022","33.607","32.752","33.607","33.607","927.25M","2.61%"
"09/10/2022","34.707","33.607","34.707","34.707","1098.7M","3.28%"
"09/11/2022","35.151","34.707","35.151","35.151","675.18M","1.28%"
"09/12/2022","34.905","35.151","34.905","34.905","712.29M","-0.7%"
"09/13/2022","37.345","34.905","37.345","37.345","1608.88M","6.99%"
"09/14/2022","33.06","37.345","33.06","33.06","1685.41M","-11.47%"
"09/15/2022","34.071","33.06","34.071","34.071","938.92M","3.06%"
"09/16/2022","33.064","34.071","33.064","33.064","1035.64M","-2.95%"
"09/17/2022","32.182","33.064","32.182","32.182","728.06M","-2.67%"
"09/18/2022","33.762","32.182","33.762","33.762","477.78M","4.91%"
"09/19/2022","31.089","33.762","31.089","31.089","652.42M","-7.92%"
"09/20/2022","32.713","31.089","32.713","32.713","963.74M","5.23%"
"09/21/2022","31.405","32.713","31.405","31.405","798.99M","-4.0%"
"09/22/2022","30.825","31.405","30.825","30.825","1180.93M","-1.85%"
"09/23/2022","32.468","30.825","32.468","32.468","833.38M","5.33%"
"09/24/2022","33.712","32.468","33.712","33.712","969.72M","3.83%"
"09/25/2022","33.504","33.712","33.504","33.504","821.68M","-0.62%"
"09/26/2022","32.328","33.504","32.328","32.328","576.31M","-3.51%"
"09/27/2022","33.852","32.328","33.852","33.852","908.93M","4.72%"
"09/28/2022","32.766","33.852","32.766","32.766","1221.28M","-3.21%"
"09/29/2022","33.303","32.766","33.303","33.303","958.56M","1.64%"
"09/30/2022","33.936","33.303","33.936","33.936","949.32M","1.9%"
"10/01/2022","33.25","33.936","33.25","33.25","1166.72M","-2.02%"
"10/02/2022","32.456","33.25","32.456","32.456","475.81M","-2.39%"
"10/03/2022","32.097","32.456","32.097","32.097","518.12M","-1.11%"
"10/04/2022","32.984","32.097","32.984","32.984","621.97M","2.76%"
"10/05/2022","34.13","32.984","34.13","34.13","692.96M","3.47%"
"10/06/2022","34.093","34.13","34.093","34.093","641.19M","-0.11%"
"10/07/2022","33.338","34.093","33.338","33.338","670.56M","-2.22%"
"10/08/2022","32.918","33.338","32.918","32.918","672.97M","-1.26%"
"10/09/2022","32.6","32.918","32.6","32.6","351.71M","-0.97%"
"10/10/2022","32.905","32.6","32.905","32.905","394.69M","0.94%"
"10/11/2022","31.97","32.905","31.97","31.97","630.99M","-2.84%"
"10/12/2022","30.788","31.97","30.788","30.788","720.05M","-3.7%"
"10/13/2022","31.141","30.788","31.141","31.141","481.85M","1.15%"
"10/14/2022","30.583","31.141","30.583","30.583","1268.0M","-1.79%"
"10/15/2022","30.036","30.583","30.036","30.036","800.16M","-1.79%"
"10/16/2022","29.577","30.036","29.577","29.577","545.16M","-1.53%"
"10/17/2022","30.167","29.577","30.167","30.167","598.45M","2.0%"
"10/18/2022","31.245","30.167","31.245","31.245","643.75M","3.57%"
"10/19/2022","30.201","31.245","30.201","30.201","685.75M","-3.34%"
"10/20/2022","28.897","30.201","28.897","28.897","721.54M","-4.32%"
"10/21/2022","28.066","28.897","28.066","28.066","853.07M","-2.87%"
"10/22/2022","28.106","28.066","28.106","28.106","1004.07M","0.14%"
"10/23/2022","28.023","28.106","28.023","28.023","488.91M","-0.29%"
"10/24/2022","29.237","28.023","29.237","29.237","670.01M","4.33%"
"10/25/2022","28.27","29.237","28.27","28.27","739.68M","-3.31%"
"10/26/2022","30.941","28.27","30.941","30.941","1346.26M","9.45%"
"10/27/2022","31.283","30.941","31.283","31.283","1240.75M","1.1%"
"10/28/2022","30.645","31.283","30.645","30.645","1179.54M","-2.04%"
"10/29/2022","32.114","30.645","32.114","32.114","1011.21M","4.79%"
"10/30/2022","32.839","32.114","32.839","32.839","1095.98M","2.26%"
"10/31/2022","32.907","32.839","32.907","32.907","704.17M","0.21%"
"11/01/2022","32.601","32.907","32.601","32.601","1142.7M","-0.93%"
"11/02/2022","32.241","32.601","32.241","32.241","1299.52M","-1.11%"
"11/03/2022","30.788","32.241","30.788","30.788","1780.7M","-4.51%"
"11/04/2022","30.827","30.788","30.827","30.827","1419.47M","0.12%"
"11/05/2022","33.788","30.827","33.788","33.788","2002.86M","9.61%"
"11/06/2022","36.718","33.788","36.718","36.718","3501.84M","8.67%"
"11/07/2022","32.773","36.718","32.773","32.773","2458.44M","-10.74%"
"11/08/2022","29.549","32.773","29.549","29.549","3400.11M","-9.84%"
"11/09/2022","24.228","29.549","24.228","24.228","5868.07M","-18.01%"
"11/10/2022","14.004","24.228","14.004","14.004","4375.83M","-42.2%"
"11/11/2022","17.836","14.004","17.836","17.836","4179.36M","27.36%"
"11/12/2022","16.625","17.836","16.625","16.625","2174.8M","-6.79%"
"11/13/2022","14.705","16.625","14.705","14.705","770.04M","-11.55%"
"11/14/2022","13.253","14.705","13.253","13.253","782.85M","-9.88%"
"11/15/2022","14.097","13.253","14.097","14.097","1300.49M","6.37%"
"11/16/2022","14.355","14.097","14.355","14.355","811.38M","1.83%"
"11/17/2022","14.356","14.355","14.356","14.356","478.09M","0.0%"
"11/18/2022","13.665","14.356","13.665","13.665","651.56M","-4.81%"
"11/19/2022","13.298","13.665","13.298","13.298","343.05M","-2.69%"
"11/20/2022","12.885","13.298","12.885","12.885","300.94M","-3.11%"
"11/21/2022","12.345","12.885","12.345","12.345","487.32M","-4.19%"
"11/22/2022","11.918","12.345","11.918","11.918","484.8M","-3.46%"
"11/23/2022","12.435","11.918","12.435","12.435","523.44M","4.34%"
"11/24/2022","14.415","12.435","14.415","14.415","846.04M","15.92%"
"11/25/2022","14.593","14.415","14.593","14.593","618.85M","1.23%"
"11/26/2022","14.076","14.593","14.076","14.076","360.31M","-3.54%"
"11/27/2022","14.165","14.076","14.165","14.165","375.21M","0.64%"
"11/28/2022","14.106","14.165","14.106","14.106","255.76M","-0.41%"
"11/29/2022","13.343","14.106","13.343","13.343","503.95M","-5.41%"
"11/30/2022","13.374","13.343","13.374","13.374","298.91M","0.23%"
"12/01/2022","14.147","13.374","14.147","14.147","302.42M","5.78%"
"12/02/2022","13.509","14.147","13.509","13.509","268.68M","-4.51%"
"12/03/2022","13.765","13.509","13.765","13.765","285.03M","1.9%"
"12/04/2022","13.334","13.765","13.334","13.334","197.68M","-3.13%"
"12/05/2022","13.777","13.334","13.777","13.777","173.96M","3.32%"
"12/06/2022","13.874","13.777","13.874","13.874","383.5M","0.7%"
"12/07/2022","14.298","13.874","14.298","14.298","333.4M","3.06%"
"12/08/2022","13.537","14.298","13.537","13.537","272.84M","-5.32%"
"12/09/2022","13.693","13.537","13.693","13.693","236.38M","1.15%"
"12/10/2022","13.613","13.693","13.613","13.613","257.53M","-0.59%"
"12/11/2022","13.586","13.613","13.586","13.586","123.96M","-0.2%"
"12/12/2022","13.439","13.586","13.439","13.439","132.23M","-1.08%"
"12/13/2022","13.324","13.439","13.324","13.324","250.95M","-0.86%"
"12/14/2022","13.828","13.324","13.828","13.828","388.86M","3.78%"
"12/15/2022","14.149","13.828","14.149","14.149","531.06M","2.32%"
"12/16/2022","13.994","14.149","13.994","13.994","320.49M","-1.09%"
"12/17/2022","12.272","13.994","12.272","12.272","416.04M","-12.31%"
"12/18/2022","12.526","12.272","12.526","12.526","277.08M","2.07%"
"12/19/2022","12.417","12.526","12.417","12.417","127.95M","-0.87%"
"12/20/2022","11.936","12.417","11.936","11.936","240.14M","-3.87%"
"12/21/2022","12.281","11.936","12.281","12.281","203.09M","2.89%"
"12/22/2022","12.119","12.281","12.119","12.119","189.5M","-1.31%"
"12/23/2022","11.795","12.119","11.795","11.795","206.0M","-2.68%"
"12/24/2022","11.801","11.795","11.801","11.801","177.44M","0.05%"
"12/25/2022","11.47","11.801","11.47","11.47","226.48M","-2.8%"
"12/26/2022","11.401","11.47","11.401","11.401","112.71M","-0.6%"
"12/27/2022","11.301","11.401","11.301","11.301","151.02M","-0.87%"
"12/28/2022","11.08","11.301","11.08","11.08","260.62M","-1.96%"
"12/29/2022","9.771","11.08","9.771","9.771","524.69M","-11.82%"
"12/30/2022","9.598","9.771","9.598","9.598","838.32M","-1.77%"
"12/31/2022","9.888","9.598","9.888","9.888","996.39M","3.03%"
"01/01/2023","9.961","9.888","9.961","9.961","328.9M","0.74%"
"01/02/2023","9.974","9.961","9.974","9.974","220.37M","0.13%"
"01/03/2023","11.266","9.974","11.266","11.266","612.35M","12.96%"
"01/04/2023","13.355","11.266","13.355","13.355","1332.76M","18.54%"
"01/05/2023","13.456","13.355","13.456","13.456","1282.11M","0.76%"
"01/06/2023","13.438","13.456","13.438","13.438","597.27M","-0.13%"
"01/07/2023","13.524","13.438","13.524","13.524","488.3M","0.64%"
"01/08/2023","13.089","13.524","13.089","13.089","206.85M","-3.22%"
"01/09/2023","14.366","13.089","14.366","14.366","641.92M","9.76%"
"01/10/2023","16.302","14.366","16.302","16.302","1889.44M","13.48%"
"01/11/2023","16.203","16.302","16.203","16.203","854.04M","-0.61%"
"01/12/2023","16.463","16.203","16.463","16.463","749.74M","1.61%"
"01/13/2023","16.616","16.463","16.616","16.616","948.12M","0.93%"
"01/14/2023","18.28","16.616","18.28","18.28","1221.08M","10.01%"
"01/15/2023","24.303","18.28","24.303","24.303","4130.18M","32.95%"
"01/16/2023","22.838","24.303","22.838","22.838","1967.11M","-6.03%"
"01/17/2023","23.586","22.838","23.586","23.586","1775.94M","3.28%"
"01/18/2023","22.882","23.586","22.882","22.882","1033.55M","-2.99%"
"01/19/2023","20.858","22.882","20.858","20.858","1543.99M","-8.85%"
"01/20/2023","21.415","20.858","21.415","21.415","898.5M","2.67%"
"01/21/2023","25.576","21.415","25.576","25.576","1527.41M","19.43%"
"01/22/2023","24.665","25.576","24.665","24.665","2096.63M","-3.56%"
"01/23/2023","24.272","24.665","24.272","24.272","970.99M","-1.6%"
"01/24/2023","24.427","24.272","24.427","24.427","917.15M","0.64%"
"01/25/2023","22.789","24.427","22.789","22.789","855.31M","-6.7%"
"01/26/2023","24.66","22.789","24.66","24.66","1389.56M","8.21%"
"01/27/2023","24.363","24.66","24.363","24.363","811.74M","-1.21%"
"01/28/2023","24.414","24.363","24.414","24.414","702.65M","0.21%"
"01/29/2023","23.986","24.414","23.986","23.986","522.6M","-1.75%"
"01/30/2023","26.178","23.986","26.178","26.178","1086.84M","9.14%"
"01/31/2023","23.963","26.178","23.963","23.963","1111.64M","-8.46%"
"02/01/2023","23.961","23.963","23.961","23.961","636.67M","-0.01%"
"02/02/2023","24.983","23.961","24.983","24.983","1017.08M","4.26%"
"02/03/2023","24.319","24.983","24.319","24.319","1066.58M","-2.66%"
"02/04/2023","24.686","24.319","24.686","24.686","781.14M","1.51%"
"02/05/2023","24.352","24.686","24.352","24.352","350.24M","-1.35%"
"02/06/2023","23.514","24.352","23.514","23.514","638.58M","-3.44%"
"02/07/2023","22.717","23.514","22.717","22.717","463.32M","-3.39%"
"02/08/2023","23.904","22.717","23.904","23.904","707.39M","5.23%"
"02/09/2023","23.207","23.904","23.207","23.207","581.77M","-2.92%"
"02/10/2023","20.438","23.207","20.438","20.438","808.73M","-11.93%"
"02/11/2023","20.124","20.438","20.124","20.124","684.17M","-1.54%"
"02/12/2023","20.845","20.124","20.845","20.845","278.03M","3.58%"
"02/13/2023","21.441","20.845","21.441","21.441","544.55M","2.86%"
"02/14/2023","20.785","21.441","20.785","20.785","723.12M","-3.06%"
"02/15/2023","21.845","20.785","21.845","21.845","850.95M","5.1%"
"02/16/2023","23.889","21.845","23.889","23.889","831.02M","9.36%"
"02/17/2023","22.345","23.889","22.345","22.345","956.36M","-6.47%"
"02/18/2023","23.194","22.345","23.194","23.194","666.3M","3.8%"
"02/19/2023","23.451","23.194","23.451","23.451","411.41M","1.11%"
"02/20/2023","24.811","23.451","24.811","24.811","1082.09M","5.8%"
"02/21/2023","26.035","24.811","26.035","26.035","1528.18M","4.94%"
"02/22/2023","24.921","26.035","24.921","24.921","971.1M","-4.28%"
"02/23/2023","24.17","24.921","24.17","24.17","1006.55M","-3.01%"
"02/24/2023","23.924","24.17","23.924","23.924","617.54M","-1.02%"
"02/25/2023","23.058","23.924","23.058","23.058","649.16M","-3.62%"
"02/26/2023","22.41","23.058","22.41","22.41","582.78M","-2.81%"
"02/27/2023","23.231","22.41","23.231","23.231","447.77M","3.66%"
"02/28/2023","22.694","23.231","22.694","22.694","515.69M","-2.31%"
"03/01/2023","21.916","22.694","21.916","21.916","353.85M","-3.43%"
"03/02/2023","22.506","21.916","22.506","22.506","368.84M","2.69%"
"03/03/2023","21.974","22.506","21.974","21.974","331.96M","-2.36%"
"03/04/2023","21.407","21.974","21.407","21.407","498.07M","-2.58%"
"03/05/2023","20.956","21.407","20.956","20.956","254.56M","-2.11%"
"03/06/2023","21.003","20.956","21.003","21.003","269.44M","0.22%"
"03/07/2023","20.631","21.003","20.631","20.631","325.98M","-1.77%"
"03/08/2023","20.273","20.631","20.273","20.273","397.97M","-1.74%"
"03/09/2023","18.428","20.273","18.428","18.428","654.07M","-9.1%"
"03/10/2023","17.333","18.428","17.333","17.333","817.53M","-5.94%"
"03/11/2023","18.213","17.333","18.213","18.213","988.47M","5.07%"
"03/12/2023","18.068","18.213","18.068","18.068","671.12M","-0.79%"
"03/13/2023","20.338","18.068","20.338","20.338","766.8M","12.56%"
"03/14/2023","20.377","20.338","20.377","20.377","1115.39M","0.19%"
"03/15/2023","20.98","20.377","20.98","20.98","1216.81M","2.96%"
"03/16/2023","19.336","20.98","19.336","19.336","891.83M","-7.83%"
"03/17/2023","19.833","19.336","19.833","19.833","505.61M","2.57%"
"03/18/2023","21.645","19.833","21.645","21.645","746.57M","9.14%"
"03/19/2023","21.317","21.645","21.317","21.317","984.17M","-1.51%"
"03/20/2023","22.022","21.317","22.022","22.022","671.44M","3.31%"
"03/21/2023","22.322","22.022","22.322","22.322","1214.98M","1.36%"
"03/22/2023","22.74","22.322","22.74","22.74","725.96M","1.87%"
"03/23/2023","21.578","22.74","21.578","21.578","914.74M","-5.11%"
"03/24/2023","22.306","21.578","22.306","22.306","538.47M","3.37%"
"03/25/2023","20.774","22.306","20.774","20.774","635.69M","-6.87%"
"03/26/2023","20.594","20.774","20.594","20.594","387.07M","-0.87%"
"03/27/2023","20.982","20.594","20.982","20.982","326.33M","1.89%"
"03/28/2023","19.958","20.982","19.958","19.958","406.23M","-4.88%"
"03/29/2023","20.499","19.958","20.499","20.499","400.87M","2.71%"
"03/30/2023","21.132","20.499","21.132","21.132","422.17M","3.09%"
"03/31/2023","20.574","21.132","20.574","20.574","532.52M","-2.64%"
"04/01/2023","21.205","20.574","21.205","21.205","415.95M","3.07%"
"04/02/2023","21.084","21.205","21.084","21.084","251.95M","-0.57%"
"04/03/2023","20.565","21.084","20.565","20.565","250.94M","-2.46%"
"04/04/2023","20.437","20.565","20.437","20.437","529.75M","-0.63%"
"04/05/2023","20.921","20.437","20.921","20.921","348.47M","2.37%"
"04/06/2023","20.982","20.921","20.982","20.982","361.88M","0.29%"
"04/07/2023","20.609","20.982","20.609","20.609","271.95M","-1.78%"
"04/08/2023","20.484","20.609","20.484","20.484","208.77M","-0.61%"
"04/09/2023","20.043","20.484","20.043","20.043","229.35M","-2.15%"
"04/10/2023","20.304","20.043","20.304","20.304","195.65M","1.31%"
"04/11/2023","20.875","20.304","20.875","20.875","243.05M","2.81%"
"04/12/2023","23.006","20.875","23.006","23.006","1081.78M","10.21%"
"04/13/2023","23.831","23.006","23.831","23.831","1370.53M","3.59%"
"04/14/2023","24.428","23.831","24.428","24.428","666.07M","2.51%"
"04/15/2023","24.774","24.428","24.774","24.774","825.83M","1.42%"
"04/16/2023","24.076","24.774","24.076","24.076","387.95M","-2.82%"
"04/17/2023","25.296","24.076","25.296","25.296","514.89M","5.07%"
"04/18/2023","24.582","25.296","24.582","24.582","910.6M","-2.82%"
"04/19/2023","24.829","24.582","24.829","24.829","558.94M","1.0%"
"04/20/2023","22.669","24.829","22.669","22.669","974.04M","-8.7%"
"04/21/2023","22.179","22.669","22.179","22.179","712.6M","-2.16%"
"04/22/2023","21.256","22.179","21.256","21.256","527.66M","-4.16%"
"04/23/2023","21.851","21.256","21.851","21.851","249.2M","2.8%"
"04/24/2023","21.499","21.851","21.499","21.499","348.36M","-1.61%"
"04/25/2023","21.388","21.499","21.388","21.388","401.68M","-0.52%"
"04/26/2023","21.94","21.388","21.94","21.94","409.78M","2.58%"
"04/27/2023","21.256","21.94","21.256","21.256","778.78M","-3.11%"
"04/28/2023","22.338","21.256","22.338","22.338","588.62M","5.09%"
"04/29/2023","23.375","22.338","23.375","23.375","571.32M","4.64%"
"04/30/2023","23.128","23.375","23.128","23.128","419.33M","-1.05%"
"05/01/2023","22.998","23.128","22.998","22.998","425.24M","-0.56%"
"05/02/2023","22.007","22.998","22.007","22.007","505.84M","-4.31%"
"05/03/2023","22.263","22.007","22.263","22.263","326.72M","1.16%"
"05/04/2023","22.22","22.263","22.22","22.22","493.48M","-0.19%"
"05/05/2023","21.742","22.22","21.742","21.742","330.85M","-2.15%"
"05/06/2023","22.819","21.742","22.819","22.819","495.49M","4.95%"
"05/07/2023","21.987","22.819","21.987","21.987","387.96M","-3.65%"
"05/08/2023","22.002","21.987","22.002","22.002","341.58M","0.07%"
"05/09/2023","20.657","22.002","20.657","20.657","647.06M","-6.12%"
"05/10/2023","20.657","20.657","20.657","20.657","318.98M","0.0%"
"05/11/2023","20.976","20.657","20.976","20.976","525.98M","1.54%"
"05/12/2023","20.254","20.976","20.254","20.254","428.55M","-3.44%"
"05/13/2023","20.92","20.254","20.92","20.92","397.7M","3.29%"
"05/14/2023","20.9","20.92","20.9","20.9","252.12M","-0.1%"
"05/15/2023","20.937","20.9","20.937","20.937","211.87M","0.18%"
"05/16/2023","21.038","20.937","21.038","21.038","339.75M","0.48%"
"05/17/2023","20.686","21.038","20.686","20.686","338.23M","-1.67%"
"05/18/2023","21.058","20.686","21.058","21.058","332.8M","1.8%"
"05/19/2023","20.345","21.058","20.345","20.345","325.48M","-3.39%"
"05/20/2023","20.352","20.345","20.352","20.352","159.06M","0.03%"
"05/21/2023","20.27","20.352","20.27","20.27","129.67M","-0.4%"
"05/22/2023","19.631","20.27","19.631","19.631","236.87M","-3.15%"
"05/23/2023","19.559","19.631","19.559","19.559","245.32M","-0.37%"
"05/24/2023","20.047","19.559","20.047","20.047","293.34M","2.5%"
"05/25/2023","19.214","20.047","19.214","19.214","317.11M","-4.15%"
"05/26/2023","19.256","19.214","19.256","19.256","231.05M","0.22%"
"05/27/2023","19.367","19.256","19.367","19.367","181.19M","0.58%"
"05/28/2023","20.405","19.367","20.405","20.405","209.25M","5.36%"
"05/29/2023","20.815","20.405","20.815","20.815","319.94M","2.01%"
"05/30/2023","20.574","20.815","20.574","20.574","263.48M","-1.16%"
"05/31/2023","21.248","20.574","21.248","21.248","390.02M","3.28%"
"06/01/2023","20.82","21.248","20.82","20.82","264.04M","-2.01%"
"06/02/2023","20.513","20.82","20.513","20.513","229.62M","-1.48%"
"06/03/2023","21.257","20.513","21.257","21.257","262.88M","3.63%"
"06/04/2023","21.148","21.257","21.148","21.148","159.57M","-0.51%"
"06/05/2023","21.87","21.148","21.87","21.87","372.65M","3.41%"
"06/06/2023","20.082","21.87","20.082","20.082","663.12M","-8.17%"
"06/07/2023","20.399","20.082","20.399","20.399","490.82M","1.58%"
"06/08/2023","18.649","20.399","18.649","18.649","412.77M","-8.58%"
"06/09/2023","18.919","18.649","18.919","18.919","295.93M","1.44%"
"06/10/2023","17.32","18.919","17.32","17.32","511.96M","-8.45%"
"06/11/2023","15.712","17.32","15.712","15.712","1409.01M","-9.28%"
"06/12/2023","15.552","15.712","15.552","15.552","495.44M","-1.02%"
"06/13/2023","15.219","15.552","15.219","15.219","431.33M","-2.14%"
"06/14/2023","14.996","15.219","14.996","14.996","403.34M","-1.47%"
"06/15/2023","14.512","14.996","14.512","14.512","327.31M","-3.23%"
"06/16/2023","14.742","14.512","14.742","14.742","371.93M","1.58%"
"06/17/2023","15.306","14.742","15.306","15.306","256.06M","3.83%"
"06/18/2023","15.626","15.306","15.626","15.626","218.01M","2.1%"
"06/19/2023","15.434","15.626","15.434","15.434","155.67M","-1.23%"
"06/20/2023","16.039","15.434","16.039","16.039","150.01M","3.92%"
"06/21/2023","16.625","16.039","16.625","16.625","248.75M","3.66%"
"06/22/2023","17.263","16.625","17.263","17.263","315.27M","3.84%"
"06/23/2023","16.645","17.263","16.645","16.645","295.51M","-3.58%"
"06/24/2023","17.101","16.645","17.101","17.101","328.35M","2.74%"
"06/25/2023","16.631","17.101","16.631","16.631","235.86M","-2.75%"
"06/26/2023","16.96","16.631","16.96","16.96","212.89M","1.98%"
"06/27/2023","16.284","16.96","16.284","16.284","246.63M","-3.99%"
"06/28/2023","16.604","16.284","16.604","16.604","232.33M","1.97%"
"06/29/2023","15.996","16.604","15.996","15.996","301.7M","-3.66%"
"06/30/2023","17.998","15.996","17.998","17.998","635.9M","12.52%"
"07/01/2023","18.93","17.998","18.93","18.93","828.67M","5.18%"
"07/02/2023","18.613","18.93","18.613","18.613","280.72M","-1.68%"
"07/03/2023","19.447","18.613","19.447","19.447","474.85M","4.48%"
"07/04/2023","19.205","19.447","19.205","19.205","280.77M","-1.24%"
"07/05/2023","19.219","19.205","19.219","19.219","303.07M","0.07%"
"07/06/2023","18.972","19.219","18.972","18.972","234.9M","-1.28%"
"07/07/2023","19.919","18.972","19.919","19.919","849.1M","4.99%"
"07/08/2023","21.439","19.919","21.439","21.439","827.54M","7.63%"
"07/09/2023","21.897","21.439","21.897","21.897","596.48M","2.14%"
"07/10/2023","21.351","21.897","21.351","21.351","364.52M","-2.49%"
"07/11/2023","21.303","21.351","21.303","21.303","508.3M","-0.23%"
"07/12/2023","22.068","21.303","22.068","22.068","431.28M","3.59%"
"07/13/2023","21.998","22.068","21.998","21.998","553.66M","-0.32%"
"07/14/2023","25.99","21.998","25.99","25.99","1191.59M","18.15%"
"07/15/2023","26.708","25.99","26.708","26.708","2112.67M","2.76%"
"07/16/2023","27.351","26.708","27.351","27.351","1182.55M","2.41%"
"07/17/2023","27.365","27.351","27.365","27.365","747.99M","0.05%"
"07/18/2023","26.862","27.365","26.862","26.862","1008.26M","-1.84%"
"07/19/2023","25.526","26.862","25.526","25.526","690.7M","-4.97%"
"07/20/2023","26.353","25.526","26.353","26.353","591.58M","3.24%"
"07/21/2023","25.335","26.353","25.335","25.335","586.43M","-3.86%"
"07/22/2023","25.59","25.335","25.59","25.59","426.79M","1.0%"
"07/23/2023","24.457","25.59","24.457","24.457","325.89M","-4.43%"
"07/24/2023","24.774","24.457","24.774","24.774","345.57M","1.3%"
"07/25/2023","23.423","24.774","23.423","23.423","517.09M","-5.45%"
"07/26/2023","23.268","23.423","23.268","23.268","362.06M","-0.66%"
"07/27/2023","25.152","23.268","25.152","25.152","682.76M","8.1%"
"07/28/2023","25.093","25.152","25.093","25.093","493.79M","-0.23%"
"07/29/2023","24.826","25.093","24.826","24.826","354.45M","-1.07%"
"07/30/2023","25.165","24.826","25.165","25.165","266.0M","1.37%"
"07/31/2023","24.267","25.165","24.267","24.267","354.2M","-3.57%"
"08/01/2023","23.757","24.267","23.757","23.757","401.01M","-2.1%"
"08/02/2023","23.926","23.757","23.926","23.926","433.93M","0.71%"
"08/03/2023","23.135","23.926","23.135","23.135","426.95M","-3.3%"
"08/04/2023","22.654","23.135","22.654","22.654","375.51M","-2.08%"
"08/05/2023","22.81","22.654","22.81","22.81","387.38M","0.69%"
"08/06/2023","22.625","22.81","22.625","22.625","256.37M","-0.81%"
"08/07/2023","23.16","22.625","23.16","23.16","338.17M","2.37%"
"08/08/2023","23.052","23.16","23.052","23.052","386.01M","-0.47%"
"08/09/2023","24.204","23.052","24.204","24.204","561.55M","5.0%"
"08/10/2023","24.385","24.204","24.385","24.385","458.04M","0.75%"
"08/11/2023","24.619","24.385","24.619","24.619","352.12M","0.96%"
"08/12/2023","24.58","24.619","24.58","24.58","337.81M","-0.16%"
"08/13/2023","24.892","24.58","24.892","24.892","277.31M","1.27%"
"08/14/2023","24.223","24.892","24.223","24.223","278.18M","-2.69%"
"08/15/2023","25.148","24.223","25.148","25.148","388.03M","3.82%"
"08/16/2023","23.876","25.148","23.876","23.876","452.52M","-5.06%"
"08/17/2023","22.846","23.876","22.846","22.846","495.29M","-4.31%"
"08/18/2023","21.647","22.846","21.647","21.647","656.41M","-5.25%"
"08/19/2023","21.33","21.647","21.33","21.33","412.22M","-1.46%"
"08/20/2023","21.878","21.33","21.878","21.878","254.18M","2.57%"
"08/21/2023","21.748","21.878","21.748","21.748","200.0M","-0.6%"
"08/22/2023","21.202","21.748","21.202","21.202","350.41M","-2.51%"
"08/23/2023","20.554","21.202","20.554","20.554","424.95M","-3.06%"
"08/24/2023","21.673","20.554","21.673","21.673","427.96M","5.44%"
"08/25/2023","21.026","21.673","21.026","21.026","333.45M","-2.98%"
"08/26/2023","20.393","21.026","20.393","20.393","282.56M","-3.01%"
"08/27/2023","20.274","20.393","20.274","20.274","152.28M","-0.58%"
"08/28/2023","20.781","20.274","20.781","20.781","188.4M","2.5%"
"08/29/2023","20.563","20.781","20.563","20.563","220.5M","-1.05%"
"08/30/2023","21.757","20.563","21.757","21.757","532.1M","5.81%"
"08/31/2023","20.841","21.757","20.841","20.841","325.88M","-4.21%"
"09/01/2023","19.731","20.841","19.731","19.731","400.35M","-5.32%"
"09/02/2023","19.339","19.731","19.339","19.339","315.36M","-1.99%"
"09/03/2023","19.469","19.339","19.469","19.469","211.96M","0.67%"
"09/04/2023","19.576","19.469","19.576","19.576","180.89M","0.55%"
"09/05/2023","19.492","19.576","19.492","19.492","252.21M","-0.43%"
"09/06/2023","20.27","19.492","20.27","20.27","411.49M","3.99%"
"09/07/2023","19.625","20.27","19.625","19.625","337.21M","-3.18%"
"09/08/2023","19.888","19.625","19.888","19.888","268.56M","1.34%"
"09/09/2023","19.596","19.888","19.596","19.596","241.63M","-1.47%"
"09/10/2023","19.44","19.596","19.44","19.44","113.88M","-0.79%"
"09/11/2023","18.242","19.44","18.242","18.242","555.16M","-6.17%"
"09/12/2023","17.705","18.242","17.705","17.705","400.43M","-2.94%"
"09/13/2023","17.944","17.705","17.944","17.944","389.59M","1.35%"
"09/14/2023","18.404","17.944","18.404","18.404","390.06M","2.56%"
"09/15/2023","18.83","18.404","18.83","18.83","369.0M","2.32%"
"09/16/2023","19.173","18.83","19.173","19.173","220.57M","1.82%"
"09/17/2023","19.127","19.173","19.127","19.127","148.17M","-0.24%"
"09/18/2023","18.803","19.127","18.803","18.803","124.25M","-1.69%"
"09/19/2023","19.64","18.803","19.64","19.64","352.01M","4.45%"
"09/20/2023","20.042","19.64","20.042","20.042","290.19M","2.05%"
"09/21/2023","20.287","20.042","20.287","20.287","262.87M","1.22%"
"09/22/2023","19.47","20.287","19.47","19.47","292.39M","-4.03%"
"09/23/2023","19.438","19.47","19.438","19.438","202.51M","-0.17%"
"09/24/2023","19.471","19.438","19.471","19.471","118.4M","0.17%"
"09/25/2023","19.352","19.471","19.352","19.352","127.72M","-0.61%"
"09/26/2023","19.395","19.352","19.395","19.395","185.81M","0.22%"
"09/27/2023","19.017","19.395","19.017","19.017","206.87M","-1.95%"
"09/28/2023","19.128","19.017","19.128","19.128","240.31M","0.58%"
"09/29/2023","19.946","19.128","19.946","19.946","292.67M","4.28%"
"09/30/2023","20.294","19.946","20.294","20.294","261.04M","1.74%"
"10/01/2023","21.387","20.294","21.387","21.387","378.18M","5.39%"
"10/02/2023","23.881","21.387","23.881","23.881","718.14M","11.66%"
"10/03/2023","23.41","23.881","23.41","23.41","761.55M","-1.97%"
"10/04/2023","23.547","23.41","23.547","23.547","741.31M","0.58%"
"10/05/2023","23.143","23.547","23.143","23.143","493.66M","-1.72%"
"10/06/2023","22.72","23.143","22.72","22.72","397.59M","-1.83%"
"10/07/2023","23.432","22.72","23.432","23.432","496.79M","3.13%"
"10/08/2023","23.294","23.432","23.294","23.294","318.41M","-0.59%"
"10/09/2023","23.249","23.294","23.249","23.249","235.11M","-0.19%"
"10/10/2023","22.111","23.249","22.111","22.111","400.93M","-4.89%"
"10/11/2023","22.107","22.111","22.107","22.107","273.65M","-0.02%"
"10/12/2023","21.961","22.107","21.961","21.961","316.25M","-0.66%"
"10/13/2023","21.265","21.961","21.265","21.265","314.82M","-3.17%"
"10/14/2023","21.826","21.265","21.826","21.826","310.15M","2.64%"
"10/15/2023","22.005","21.826","22.005","22.005","202.22M","0.82%"
"10/16/2023","21.916","22.005","21.916","21.916","204.66M","-0.4%"
"10/17/2023","23.981","21.916","23.981","23.981","806.9M","9.42%"
"10/18/2023","23.971","23.981","23.971","23.971","581.67M","-0.04%"
"10/19/2023","23.434","23.971","23.434","23.434","429.12M","-2.24%"
"10/20/2023","24.943","23.434","24.943","24.943","770.08M","6.44%"
"10/21/2023","27.035","24.943","27.035","27.035","1037.0M","8.39%"
"10/22/2023","29.356","27.035","29.356","29.356","1290.66M","8.59%"
"10/23/2023","29.021","29.356","29.021","29.021","768.78M","-1.14%"
"10/24/2023","31.737","29.021","31.737","31.737","1754.7M","9.36%"
"10/25/2023","30.134","31.737","30.134","30.134","1555.85M","-5.05%"
"10/26/2023","32.405","30.134","32.405","32.405","1583.61M","7.54%"
"10/27/2023","32.714","32.405","32.714","32.714","1151.81M","0.95%"
"10/28/2023","31.765","32.714","31.765","31.765","991.69M","-2.9%"
"10/29/2023","31.647","31.765","31.647","31.647","452.74M","-0.37%"
"10/30/2023","32.816","31.647","32.816","32.816","597.46M","3.69%"
"10/31/2023","34.957","32.816","34.957","34.957","1159.87M","6.52%"
"11/01/2023","38.482","34.957","38.482","38.482","1785.3M","10.08%"
"11/02/2023","41.414","38.482","41.414","41.414","3959.22M","7.62%"
"11/03/2023","40.146","41.414","40.146","40.146","2642.79M","-3.06%"
"11/04/2023","39.518","40.146","39.518","39.518","1711.81M","-1.57%"
"11/05/2023","42.247","39.518","42.247","42.247","1481.65M","6.91%"
"11/06/2023","41.243","42.247","41.243","41.243","875.31M","-2.38%"
"11/07/2023","42.094","41.243","42.094","42.094","1060.32M","2.06%"
"11/08/2023","43.11","42.094","43.11","43.11","1827.58M","2.41%"
"11/09/2023","43.249","43.11","43.249","43.249","1063.28M","0.32%"
"11/10/2023","45.358","43.249","45.358","45.358","2968.22M","4.88%"
"11/11/2023","56.673","45.358","56.673","56.673","3690.04M","24.95%"
"11/12/2023","56.47","56.673","56.47","56.47","4048.83M","-0.36%"
"11/13/2023","55.963","56.47","55.963","55.963","2834.63M","-0.9%"
"11/14/2023","52.21","55.963","52.21","52.21","2938.77M","-6.71%"
"11/15/2023","56.847","52.21","56.847","56.847","3136.58M","8.88%"
"11/16/2023","65.421","56.847","65.421","65.421","3841.78M","15.08%"
"11/17/2023","57.859","65.421","57.859","57.859","3893.5M","-11.56%"
"11/18/2023","58.087","57.859","58.087","58.087","3253.57M","0.39%"
"11/19/2023","58.438","58.087","58.438","58.438","2007.83M","0.6%"
"11/20/2023","61.468","58.438","61.468","61.468","2011.97M","5.19%"
"11/21/2023","56.388","61.468","56.388","56.388","2046.13M","-8.27%"
"11/22/2023","52.038","56.388","52.038","52.038","2457.53M","-7.71%"
"11/23/2023","57.64","52.038","57.64","57.64","2055.16M","10.76%"
"11/24/2023","56.626","57.64","56.626","56.626","1373.27M","-1.76%"
"11/25/2023","56.873","56.626","56.873","56.873","1165.09M","0.44%"
"11/26/2023","58.813","56.873","58.813","58.813","1170.62M","3.41%"
"11/27/2023","57.656","58.813","57.656","57.656","905.47M","-1.97%"
"11/28/2023","55.122","57.656","55.122","55.122","1272.6M","-4.39%"
"11/29/2023","58.217","55.122","58.217","58.217","1455.82M","5.61%"
"11/30/2023","59.132","58.217","59.132","59.132","2011.1M","1.57%"
"12/01/2023","59.18","59.132","59.18","59.18","1302.91M","0.08%"
"12/02/2023","59.824","59.18","59.824","59.824","1458.57M","1.09%"
"12/03/2023","63.542","59.824","63.542","63.542","1384.6M","6.22%"
"12/04/2023","63.017","63.542","63.017","63.017","1376.35M","-0.83%"
"12/05/2023","61.551","63.017","61.551","61.551","2239.94M","-2.33%"
"12/06/2023","60.903","61.551","60.903","60.903","1689.51M","-1.05%"
"12/07/2023","62.232","60.903","62.232","62.232","3018.02M","2.18%"
"12/08/2023","67.694","62.232","67.694","67.694","3087.23M","8.78%"
"12/09/2023","74.842","67.694","74.842","74.842","3651.68M","10.56%"
"12/10/2023","72.422","74.842","72.422","72.422","2990.09M","-3.23%"
"12/11/2023","74.424","72.422","74.424","74.424","1933.93M","2.76%"
"12/12/2023","70.202","74.424","70.202","70.202","3839.99M","-5.67%"
"12/13/2023","68.529","70.202","68.529","68.529","2426.66M","-2.38%"
"12/14/2023","70.738","68.529","70.738","70.738","2532.49M","3.22%"
"12/15/2023","75.656","70.738","75.656","75.656","2496.51M","6.95%"
"12/16/2023","72.618","75.656","72.618","72.618","2696.77M","-4.02%"
"12/17/2023","73.39","72.618","73.39","73.39","1841.82M","1.06%"
"12/18/2023","71.093","73.39","71.093","71.093","1557.23M","-3.13%"
"12/19/2023","74.341","71.093","74.341","74.341","2363.67M","4.57%"
"12/20/2023","72.611","74.341","72.611","72.611","1948.58M","-2.33%"
"12/21/2023","82.099","72.611","82.099","82.099","3820.15M","13.07%"
"12/22/2023","93.938","82.099","93.938","93.938","4904.78M","14.42%"
"12/23/2023","98.078","93.938","98.078","98.078","5239.34M","4.41%"
"12/24/2023","107.64","98.078","107.64","107.64","3932.34M","9.75%"
"12/25/2023","112.448","107.64","112.448","112.448","6224.14M","4.47%"
"12/26/2023","121.447","112.448","121.447","121.447","5738.51M","8.0%"
"12/27/2023","112.326","121.447","112.326","112.326","4346.11M","-7.51%"
"12/28/2023","106.977","112.326","106.977","106.977","4238.9M","-4.76%"
"12/29/2023","102.254","106.977","102.254","102.254","4586.53M","-4.42%"
"12/30/2023","106.253","102.254","106.253","106.253","4343.03M","3.91%"
"12/31/2023","101.989","106.253","101.989","101.989","1833.43M","-4.01%"
"01/01/2024","101.333","101.989","101.333","101.333","1774.88M","-0.64%"
"01/02/2024","109.444","101.333","109.444","109.444","2214.02M","8.0%"
"01/03/2024","106.663","109.444","106.663","106.663","3809.99M","-2.54%"
"01/04/2024","98.619","106.663","98.619","98.619","5263.41M","-7.54%"
"01/05/2024","104.841","98.619","104.841","104.841","3262.98M","6.31%"
"01/06/2024","99.795","104.841","99.795","99.795","2955.67M","-4.81%"
"01/07/2024","93.676","99.795","93.676","93.676","2220.64M","-6.13%"
"01/08/2024","88.925","93.676","88.925","88.925","2189.4M","-5.07%"
"01/09/2024","97.659","88.925","97.659","97.659","3950.76M","9.82%"
"01/10/2024","98.752","97.659","98.752","98.752","3871.18M","1.12%"
"01/11/2024","102.413","98.752","102.413","102.413","3865.17M","3.71%"
"01/12/2024","99.986","102.413","99.986","99.986","4022.33M","-2.37%"
"01/13/2024","91.5","99.986","91.5","91.5","2734.89M","-8.49%"
"01/14/2024","95.633","91.5","95.633","95.633","1873.56M","4.52%"
"01/15/2024","94.119","95.633","94.119","94.119","2580.6M","-1.58%"
"01/16/2024","94.397","94.119","94.397","94.397","1779.2M","0.3%"
"01/17/2024","97.557","94.397","97.557","97.557","1816.2M","3.35%"
"01/18/2024","101.501","97.557","101.501","101.501","3218.96M","4.04%"
"01/19/2024","94.28","101.501","94.28","94.28","2756.02M","-7.11%"
"01/20/2024","93.325","94.28","93.325","93.325","2760.7M","-1.01%"
"01/21/2024","92.59","93.325","92.59","92.59","1256.38M","-0.79%"
"01/22/2024","91.162","92.59","91.162","91.162","908.79M","-1.54%"
"01/23/2024","83.436","91.162","83.436","83.436","2814.1M","-8.48%"
"01/24/2024","84.098","83.436","84.098","84.098","2987.15M","0.79%"
"01/25/2024","88.974","84.098","88.974","88.974","2385.03M","5.8%"
"01/26/2024","86.983","88.974","86.983","86.983","1905.31M","-2.24%"
"01/27/2024","92.365","86.983","92.365","92.365","2146.55M","6.19%"
"01/28/2024","94.074","92.365","94.074","94.074","1252.49M","1.85%"
"01/29/2024","95.967","94.074","95.967","95.967","2522.52M","2.01%"
"01/30/2024","101.42","95.967","101.42","101.42","2632.53M","5.68%"
"01/31/2024","101.491","101.42","101.491","101.491","3637.73M","0.07%"
"02/01/2024","96.932","101.491","96.932","96.932","3873.45M","-4.49%"
"02/02/2024","97.79","96.932","97.79","97.79","3017.0M","0.89%"
"02/03/2024","100.465","97.79","100.465","100.465","2624.1M","2.74%"
"02/04/2024","97.767","100.465","97.767","97.767","1416.76M","-2.69%"
"02/05/2024","95.472","97.767","95.472","95.472","1353.64M","-2.35%"
"02/06/2024","95.668","95.472","95.668","95.668","1933.68M","0.21%"
"02/07/2024","96.92","95.668","96.92","96.92","1900.37M","1.31%"
"02/08/2024","100.862","96.92","100.862","100.862","1921.48M","4.07%"
"02/09/2024","102.904","100.862","102.904","102.904","2458.96M","2.02%"
"02/10/2024","107.034","102.904","107.034","107.034","3256.19M","4.01%"
"02/11/2024","108.991","107.034","108.991","108.991","1814.39M","1.83%"
"02/12/2024","107.424","108.991","107.424","107.424","1459.55M","-1.44%"
"02/13/2024","112.037","107.424","112.037","112.037","2920.19M","4.29%"
"02/14/2024","112.599","112.037","112.599","112.599","2874.71M","0.5%"
"02/15/2024","116.976","112.599","116.976","116.976","2490.69M","3.89%"
"02/16/2024","113.599","116.976","113.599","113.599","2539.54M","-2.89%"
"02/17/2024","110.502","113.599","110.502","110.502","1882.21M","-2.73%"
"02/18/2024","108.929","110.502","108.929","108.929","1366.27M","-1.42%"
"02/19/2024","112.215","108.929","112.215","112.215","1551.22M","3.02%"
"02/20/2024","111.278","112.215","111.278","111.278","1984.16M","-0.84%"
"02/21/2024","108.564","111.278","108.564","108.564","2872.88M","-2.44%"
"02/22/2024","105.343","108.564","105.343","105.343","2737.17M","-2.97%"
"02/23/2024","102.042","105.343","102.042","102.042","2309.96M","-3.13%"
"02/24/2024","100.092","102.042","100.092","100.092","2027.8M","-1.91%"
"02/25/2024","104.189","100.092","104.189","104.189","1441.38M","4.09%"
"02/26/2024","103.439","104.189","103.439","103.439","1203.83M","-0.72%"
"02/27/2024","109.845","103.439","109.845","109.845","2465.1M","6.19%"
"02/28/2024","108.177","109.845","108.177","108.177","3541.85M","-1.52%"
"02/29/2024","117.43","108.177","117.43","117.43","5694.26M","8.55%"
"03/01/2024","125.682","117.43","125.682","125.682","8070.92M","7.03%"
"03/02/2024","130.047","125.682","130.047","130.047","5400.96M","3.47%"
"03/03/2024","129.882","130.047","129.882","129.882","3090.63M","-0.13%"
"03/04/2024","130.306","129.882","130.306","130.306","3362.22M","0.33%"
"03/05/2024","133.324","130.306","133.324","133.324","4457.0M","2.32%"
"03/06/2024","126.391","133.324","126.391","126.391","9474.09M","-5.2%"
"03/07/2024","130.667","126.391","130.667","130.667","5149.67M","3.38%"
"03/08/2024","144.105","130.667","144.105","144.105","7176.95M","10.28%"
"03/09/2024","145.191","144.105","145.191","145.191","5495.48M","0.75%"
"03/10/2024","144.817","145.191","144.817","144.817","2989.79M","-0.26%"
"03/11/2024","144.258","144.817","144.258","144.258","3606.62M","-0.39%"
"03/12/2024","148.793","144.258","148.793","148.793","5948.38M","3.14%"
"03/13/2024","150.73","148.793","150.73","150.73","7152.6M","1.3%"
"03/14/2024","163.626","150.73","163.626","163.626","6106.71M","8.56%"
"03/15/2024","176.223","163.626","176.223","176.223","9107.86M","7.7%"
"03/16/2024","183.924","176.223","183.924","183.924","14052.2M","4.37%"
"03/17/2024","180.802","183.924","180.802","180.802","12283.47M","-1.7%"
"03/18/2024","202.519","180.802","202.519","202.519","11964.57M","12.01%"
"03/19/2024","196.345","202.519","196.345","196.345","12536.49M","-3.05%"
"03/20/2024","169.598","196.345","169.598","169.598","11941.25M","-13.62%"
"03/21/2024","191.442","169.598","191.442","191.442","9142.06M","12.88%"
"03/22/2024","179.554","191.442","179.554","179.554","6102.63M","-6.21%"
"03/23/2024","173.456","179.554","173.456","173.456","4530.69M","-3.4%"
"03/24/2024","173.454","173.456","173.454","173.454","2950.14M","-0.0%"
"03/25/2024","184.022","173.454","184.022","184.022","2903.67M","6.09%"
"03/26/2024","188.997","184.022","188.997","188.997","4384.51M","2.7%"
"03/27/2024","191.236","188.997","191.236","191.236","4010.91M","1.18%"
"03/28/2024","186.139","191.236","186.139","186.139","4361.86M","-2.67%"
"03/29/2024","189.575","186.139","189.575","189.575","3248.95M","1.85%"
"03/30/2024","192.027","189.575","192.027","192.027","3453.39M","1.29%"
"03/31/2024","194.481","192.027","194.481","194.481","3155.98M","1.28%"
"04/01/2024","202.814","194.481","202.814","202.814","2561.74M","4.28%"
"04/02/2024","192.725","202.814","192.725","192.725","4161.06M","-4.97%"
"04/03/2024","181.441","192.725","181.441","181.441","5007.46M","-5.86%"
"04/04/2024","185.511","181.441","185.511","185.511","4556.59M","2.24%"
"04/05/2024","183.821","185.511","183.821","183.821","4485.79M","-0.91%"
"04/06/2024","175.168","183.821","175.168","175.168","7594.79M","-4.71%"
"04/07/2024","178.96","175.168","178.96","178.96","4990.29M","2.16%"
"04/08/2024","179.582","178.96","179.582","179.582","1994.74M","0.35%"
"04/09/2024","180.643","179.582","180.643","180.643","3098.23M","0.59%"
"04/10/2024","172.547","180.643","172.547","172.547","2989.13M","-4.48%"
"04/11/2024","173.122","172.547","173.122","173.122","3758.88M","0.33%"
"04/12/2024","172.696","173.122","172.696","172.696","3172.49M","-0.25%"
"04/13/2024","153.768","172.696","153.768","153.768","5031.42M","-10.96%"
"04/14/2024","140.181","153.768","140.181","140.181","9822.09M","-8.84%"
"04/15/2024","151.547","140.181","151.547","151.547","8511.03M","8.11%"
"04/16/2024","138.414","151.547","138.414","138.414","6284.72M","-8.67%"
"04/17/2024","136.416","138.414","136.416","136.416","5769.43M","-1.44%"
"04/18/2024","132.531","136.416","132.531","132.531","5195.97M","-2.85%"
"04/19/2024","142.132","132.531","142.132","142.132","4473.58M","7.24%"
"04/20/2024","143.245","142.132","143.245","143.245","6474.74M","0.78%"
"04/21/2024","150.517","143.245","150.517","150.517","3334.93M","5.08%"
"04/22/2024","148.741","150.517","148.741","148.741","2697.66M","-1.18%"
"04/23/2024","156.992","148.741","156.992","156.992","3462.46M","5.55%"
"04/24/2024","154.694","156.992","154.694","154.694","3123.68M","-1.46%"
"04/25/2024","147.745","154.694","147.745","147.745","4398.06M","-4.49%"
"04/26/2024","144.988","147.745","144.988","144.988","4244.0M","-1.87%"
"04/27/2024","139.259","144.988","139.259","139.259","2954.05M","-3.95%"
"04/28/2024","141.582","139.259","141.582","141.582","2641.13M","1.67%"
"04/29/2024","137.718","141.582","137.718","137.718","2093.76M","-2.73%"
"04/30/2024","137.671","137.718","137.671","137.671","2710.94M","-0.03%"
"05/01/2024","127.039","137.671","127.039","127.039","3949.64M","-7.72%"
"05/02/2024","134.754","127.039","134.754","134.754","4578.08M","6.07%"
"05/03/2024","137.916","134.754","137.916","137.916","4018.76M","2.35%"
"05/04/2024","143.55","137.916","143.55","143.55","3482.33M","4.09%"
"05/05/2024","146.111","143.55","146.111","146.111","3337.41M","1.78%"
"05/06/2024","145.686","146.111","145.686","145.686","2258.97M","-0.29%"
"05/07/2024","152.655","145.686","152.655","152.655","3129.08M","4.78%"
"05/08/2024","148.187","152.655","148.187","148.187","3020.81M","-2.93%"
"05/09/2024","142.516","148.187","142.516","142.516","3002.8M","-3.83%"
"05/10/2024","152.726","142.516","152.726","152.726","2769.02M","7.16%"
"05/11/2024","146.31","152.726","146.31","146.31","2719.66M","-4.2%"
"05/12/2024","145.308","146.31","145.308","145.308","1411.34M","-0.68%"
"05/13/2024","143.587","145.308","143.587","143.587","1012.73M","-1.18%"
"05/14/2024","147.145","143.587","147.145","147.145","2797.52M","2.48%"
"05/15/2024","142.084","147.145","142.084","142.084","2475.11M","-3.44%"
"05/16/2024","158.013","142.084","158.013","158.013","3166.25M","11.21%"
"05/17/2024","159.145","158.013","159.145","159.145","3010.34M","0.72%"
"05/18/2024","169.5","159.145","169.5","169.5","2940.81M","6.51%"
"05/19/2024","172.451","169.5","172.451","172.451","2302.11M","1.74%"
"05/20/2024","170.067","172.451","170.067","170.067","2201.39M","-1.38%"
"05/21/2024","186.325","170.067","186.325","186.325","4223.67M","9.56%"
"05/22/2024","178.174","186.325","178.174","178.174","4264.61M","-4.37%"
"05/23/2024","176.869","178.174","176.869","176.869","3391.95M","-0.73%"
"05/24/2024","176.064","176.869","176.064","176.064","4803.5M","-0.46%"
"05/25/2024","167.767","176.064","167.767","167.767","3550.8M","-4.71%"
"05/26/2024","168.37","167.767","168.37","168.37","1678.12M","0.36%"
"05/27/2024","163.359","168.37","163.359","163.359","2230.26M","-2.98%"
"05/28/2024","169.814","163.359","169.814","169.814","2411.0M","3.95%"
"05/29/2024","168.751","169.814","168.751","168.751","2899.98M","-0.63%"
"05/30/2024","168.135","168.751","168.135","168.135","2520.23M","-0.36%"
"05/31/2024","167.014","168.135","167.014","167.014","2816.03M","-0.67%"
"06/01/2024","165.914","167.014","165.914","165.914","2443.69M","-0.66%"
"06/02/2024","165.963","165.914","165.963","165.963","1004.76M","0.03%"
"06/03/2024","163.119","165.963","163.119","163.119","1496.34M","-1.71%"
"06/04/2024","164.813","163.119","164.813","164.813","2044.86M","1.04%"
"06/05/2024","171.728","164.813","171.728","171.728","1750.95M","4.2%"
"06/06/2024","173.77","171.728","173.77","173.77","2286.67M","1.19%"
"06/07/2024","170.373","173.77","170.373","170.373","1965.48M","-1.95%"
"06/08/2024","162.453","170.373","162.453","162.453","3548.05M","-4.65%"
"06/09/2024","158.181","162.453","158.181","158.181","1667.8M","-2.63%"
"06/10/2024","162.064","158.181","162.064","162.064","1435.77M","2.45%"
"06/11/2024","158.886","162.064","158.886","158.886","1758.49M","-1.96%"
"06/12/2024","149.302","158.886","149.302","149.302","3108.52M","-6.03%"
"06/13/2024","154.857","149.302","154.857","154.857","3134.9M","3.72%"
"06/14/2024","147.235","154.857","147.235","147.235","2420.81M","-4.92%"
"06/15/2024","143.021","147.235","143.021","143.021","2657.81M","-2.86%"
"06/16/2024","145.282","143.021","145.282","145.282","1163.45M","1.58%"
"06/17/2024","150.656","145.282","150.656","150.656","1310.56M","3.7%"
"06/18/2024","143.202","150.656","143.202","143.202","2454.14M","-4.95%"
"06/19/2024","137.463","143.202","137.463","137.463","4344.91M","-4.01%"
"06/20/2024","135.403","137.463","135.403","135.403","2636.12M","-1.5%"
"06/21/2024","133.443","135.403","133.443","133.443","2560.26M","-1.45%"
"06/22/2024","134.513","133.443","134.513","134.513","2427.91M","0.8%"
"06/23/2024","133.486","134.513","133.486","133.486","1097.68M","-0.76%"
"06/24/2024","128.54","133.486","128.54","128.54","1252.6M","-3.71%"
"06/25/2024","132.338","128.54","132.338","132.338","3858.6M","2.95%"
"06/26/2024","136.514","132.338","136.514","136.514","2814.1M","3.16%"
"06/27/2024","136.442","136.514","136.442","136.442","1948.97M","-0.05%"
"06/28/2024","149.231","136.442","149.231","149.231","3176.7M","9.37%"
"06/29/2024","139.726","149.231","139.726","139.726","2594.3M","-6.37%"
"06/30/2024","139.867","139.726","139.867","139.867","1346.29M","0.1%"
"07/01/2024","146.429","139.867","146.429","146.429","1780.44M","4.69%"
"07/02/2024","146.347","146.429","146.347","146.347","2006.89M","-0.06%"
"07/03/2024","153.639","146.347","153.639","153.639","2427.0M","4.98%"
"07/04/2024","140.724","153.639","140.724","140.724","3214.19M","-8.41%"
"07/05/2024","127.935","140.724","127.935","127.935","3791.02M","-9.09%"
"07/06/2024","134.42","127.935","134.42","134.42","5884.81M","5.07%"
"07/07/2024","143.101","134.42","143.101","143.101","2489.34M","6.46%"
"07/08/2024","131.853","143.101","131.853","131.853","2189.33M","-7.86%"
"07/09/2024","139.318","131.853","139.318","139.318","4080.26M","5.66%"
"07/10/2024","141.457","139.318","141.457","141.457","2918.13M","1.54%"
"07/11/2024","141.923","141.457","141.923","141.923","2267.42M","0.33%"
"07/12/2024","136.074","141.923","136.074","136.074","2968.51M","-4.12%"
"07/13/2024","139.362","136.074","139.362","139.362","2492.12M","2.42%"
"07/14/2024","141.675","139.362","141.675","141.675","1319.67M","1.66%"
"07/15/2024","147.955","141.675","147.955","147.955","2482.81M","4.43%"
"07/16/2024","159.924","147.955","159.924","159.924","3109.65M","8.09%"
"07/17/2024","160.783","159.924","160.783","160.783","3487.08M","0.54%"
"07/18/2024","155.402","160.783","155.402","155.402","2719.71M","-3.35%"
"07/19/2024","159.015","155.402","159.015","159.015","2617.15M","2.32%"
"07/20/2024","169.216","159.015","169.216","169.216","4472.68M","6.42%"
"07/21/2024","174.102","169.216","174.102","174.102","2111.3M","2.89%"
"07/22/2024","184.451","174.102","184.451","184.451","4015.8M","5.94%"
"07/23/2024","178.981","184.451","178.981","178.981","3355.0M","-2.97%"
"07/24/2024","173.033","178.981","173.033","173.033","3948.27M","-3.32%"
"07/25/2024","178.019","173.033","178.019","178.019","3972.47M","2.88%"
"07/26/2024","171.696","178.019","171.696","171.696","5008.78M","-3.55%"
"07/27/2024","183.084","171.696","183.084","183.084","3292.35M","6.63%"
"07/28/2024","184.669","183.084","184.669","184.669","4036.79M","0.87%"
"07/29/2024","184.788","184.669","184.788","184.788","2337.28M","0.06%"
"07/30/2024","182.544","184.788","182.544","182.544","4625.43M","-1.21%"
"07/31/2024","179.039","182.544","179.039","179.039","3282.6M","-1.92%"
"08/01/2024","171.974","179.039","171.974","171.974","3584.56M","-3.95%"
"08/02/2024","167.888","171.974","167.888","167.888","5413.79M","-2.38%"
"08/03/2024","152.411","167.888","152.411","152.411","5270.92M","-9.22%"
"08/04/2024","143.127","152.411","143.127","143.127","4326.25M","-6.09%"
"08/05/2024","137.555","143.127","137.555","137.555","5254.54M","-3.89%"
"08/06/2024","129.698","137.555","129.698","129.698","16968.93M","-5.71%"
"08/07/2024","143.643","129.698","143.643","143.643","6966.23M","10.75%"
"08/08/2024","145.142","143.643","145.142","145.142","6502.92M","1.04%"
"08/09/2024","163.047","145.142","163.047","163.047","6758.06M","12.34%"
"08/10/2024","156.481","163.047","156.481","156.481","3855.61M","-4.03%"
"08/11/2024","153.892","156.481","153.892","153.892","2125.94M","-1.65%"
"08/12/2024","141.471","153.892","141.471","141.471","3023.59M","-8.07%"
"08/13/2024","146.522","141.471","146.522","146.522","4393.74M","3.57%"
"08/14/2024","146.772","146.522","146.772","146.772","2815.07M","0.17%"
"08/15/2024","143.867","146.772","143.867","143.867","3299.8M","-1.98%"
"08/16/2024","142.882","143.867","142.882","142.882","3650.89M","-0.69%"
"08/17/2024","139.123","142.882","139.123","139.123","3346.02M","-2.63%"
"08/18/2024","141.689","139.123","141.689","141.689","1510.72M","1.84%"
"08/19/2024","142.466","141.689","142.466","142.466","2449.78M","0.55%"
"08/20/2024","144.574","142.466","144.574","144.574","2725.98M","1.48%"
"08/21/2024","142.516","144.574","142.516","142.516","2571.44M","-1.42%"
"08/22/2024","142.524","142.516","142.524","142.524","2339.71M","0.01%"
"08/23/2024","143.254","142.524","143.254","143.254","1680.86M","0.51%"
"08/24/2024","152.929","143.254","152.929","152.929","3449.07M","6.75%"
"08/25/2024","160.64","152.929","160.64","160.64","3689.68M","5.04%"
"08/26/2024","158.633","160.64","158.633","158.633","2152.63M","-1.25%"
"08/27/2024","157.039","158.633","157.039","157.039","3208.08M","-1.0%"
"08/28/2024","146.824","157.039","146.824","146.824","3533.22M","-6.5%"
"08/29/2024","143.833","146.824","143.833","143.833","3755.53M","-2.04%"
"08/30/2024","139.926","143.833","139.926","139.926","2485.17M","-2.72%"
"08/31/2024","138.22","139.926","138.22","138.22","3520.85M","-1.22%"
"09/01/2024","135.3","138.22","135.3","135.3","1100.65M","-2.11%"
"09/02/2024","128.791","135.3","128.791","128.791","2592.58M","-4.81%"
"09/03/2024","134.985","128.791","134.985","134.985","2686.36M","4.81%"
"09/04/2024","127.583","134.985","127.583","127.583","2173.66M","-5.48%"
"09/05/2024","133.568","127.583","133.568","133.568","3336.19M","4.69%"
"09/06/2024","129.274","133.568","129.274","129.274","2564.08M","-3.22%"
"09/07/2024","124.888","129.274","124.888","124.888","4234.66M","-3.39%"
"09/08/2024","127.688","124.888","127.688","127.688","1696.69M","2.24%"
"09/09/2024","129.921","127.688","129.921","129.921","1689.46M","1.75%"
"09/10/2024","134.879","129.921","134.879","134.879","2931.03M","3.82%"
"09/11/2024","135.535","134.879","135.535","135.535","2072.83M","0.49%"
"09/12/2024","132.603","135.535","132.603","132.603","2671.73M","-2.16%"
"09/13/2024","136.209","132.603","136.209","136.209","1924.37M","2.72%"
"09/14/2024","138.973","136.209","138.973","138.973","2224.23M","2.03%"
"09/15/2024","137.184","138.973","137.184","137.184","1141.56M","-1.29%"
"09/16/2024","131.623","137.184","131.623","131.623","1781.3M","-4.05%"
"09/17/2024","131.52","131.623","131.52","131.52","2079.97M","-0.08%"
"09/18/2024","131.521","131.52","131.521","131.521","2150.55M","0.0%"
"09/19/2024","133.614","131.521","133.614","133.614","2755.31M","1.59%"
"09/20/2024","142.686","133.614","142.686","142.686","3564.42M","6.79%"
"09/21/2024","146.479","142.686","146.479","146.479","3882.73M","2.66%"
"09/22/2024","149.668","146.479","149.668","149.668","1873.29M","2.18%"
"09/23/2024","144.84","149.668","144.84","144.84","2044.31M","-3.23%"
"09/24/2024","144.886","144.84","144.886","144.886","2886.32M","0.03%"
"09/25/2024","152.887","144.886","152.887","152.887","3787.42M","5.52%"
"09/26/2024","148.108","152.887","148.108","148.108","2721.19M","-3.13%"
"09/27/2024","155.466","148.108","155.466","155.466","3823.68M","4.97%"
"09/28/2024","157.798","155.466","157.798","157.798","3684.39M","1.5%"
"09/29/2024","156.959","157.798","156.959","156.959","1727.9M","-0.53%"
"09/30/2024","158.623","156.959","158.623","158.623","2258.76M","1.06%"
"10/01/2024","152.544","158.623","152.544","152.544","2919.59M","-3.83%"
"10/02/2024","145.209","152.544","145.209","145.209","4888.87M","-4.81%"
"10/03/2024","140.448","145.209","140.448","140.448","3403.09M","-3.28%"
"10/04/2024","136.654","140.448","136.654","136.654","3660.49M","-2.7%"
"10/05/2024","143.165","136.654","143.165","143.165","3107.17M","4.76%"
"10/06/2024","142.741","143.165","142.741","142.741","1404.64M","-0.3%"
"10/07/2024","146.349","142.741","146.349","146.349","1447.04M","2.53%"
"10/08/2024","144.213","146.349","144.213","144.213","3411.95M","-1.46%"
"10/09/2024","143.434","144.213","143.434","143.434","2021.75M","-0.54%"
"10/10/2024","139.326","143.434","139.326","139.326","2070.84M","-2.86%"
"10/11/2024","138.762","139.326","138.762","138.762","2066.23M","-0.4%"
"10/12/2024","145.318","138.762","145.318","145.318","2171.46M","4.72%"
"10/13/2024","146.581","145.318","146.581","146.581","1342.62M","0.87%"
"10/14/2024","147.492","146.581","147.492","147.492","1681.57M","0.62%"
"10/15/2024","157.346","147.492","157.346","157.346","3436.47M","6.68%"
"10/16/2024","154.623","157.346","154.623","154.623","4033.3M","-1.73%"
"10/17/2024","154.264","154.623","154.264","154.264","2755.64M","-0.23%"
"10/18/2024","150.273","154.264","150.273","150.273","2717.6M","-2.59%"
"10/19/2024","155.073","150.273","155.073","155.073","2035.29M","3.19%"
"10/20/2024","159.593","155.073","159.593","159.593","1863.27M","2.91%"
"10/21/2024","166.574","159.593","166.574","166.574","3153.22M","4.37%"
"10/22/2024","166.376","166.574","166.376","166.376","4851.47M","-0.12%"
"10/23/2024","167.211","166.376","167.211","167.211","4409.93M","0.5%"
"10/24/2024","171.314","167.211","171.314","171.314","4820.72M","2.45%"
"10/25/2024","177.373","171.314","177.373","177.373","4352.87M","3.54%"
"10/26/2024","164.345","177.373","164.345","164.345","6060.84M","-7.35%"
"10/27/2024","170.56","164.345","170.56","170.56","3465.68M","3.78%"
"10/28/2024","176.626","170.56","176.626","176.626","3262.91M","3.56%"
"10/29/2024","178.14","176.626","178.14","178.14","4573.93M","0.86%"
"10/30/2024","179.369","178.14","179.369","179.369","4626.74M","0.69%"
"10/31/2024","175.079","179.369","175.079","175.079","3787.67M","-2.39%"
"11/01/2024","168.403","175.079","168.403","168.403","3406.71M","-3.81%"
"11/02/2024","166.288","168.403","166.288","166.288","3797.34M","-1.26%"
"11/03/2024","165.995","166.288","165.995","165.995","1957.2M","-0.18%"
"11/04/2024","162.668","165.995","162.668","162.668","3328.09M","-2.0%"
"11/05/2024","157.607","162.668","157.607","157.607","3431.38M","-3.11%"
"11/06/2024","166.511","157.607","166.511","166.511","4231.34M","5.65%"
"11/07/2024","187.169","166.511","187.169","187.169","12310.51M","12.41%"
"11/08/2024","196.203","187.169","196.203","196.203","6091.29M","4.83%"
"11/09/2024","199.833","196.203","199.833","199.833","7260.19M","1.85%"
"11/10/2024","200.169","199.833","200.169","200.169","4159.06M","0.17%"
"11/11/2024","210.188","200.169","210.188","210.188","11110.9M","5.01%"
"11/12/2024","222.644","210.188","222.644","222.644","12984.44M","5.93%"
"11/13/2024","213.067","222.644","213.067","213.067","13290.47M","-4.3%"
"11/14/2024","215.083","213.067","215.083","215.083","13805.97M","0.95%"
"11/15/2024","209.368","215.083","209.368","209.368","10550.72M","-2.66%"
"11/16/2024","219.086","209.368","219.086","219.086","7498.82M","4.64%"
"11/17/2024","216.055","219.086","216.055","216.055","5969.52M","-1.38%"
"11/18/2024","237.467","216.055","237.467","237.467","12972.06M","9.91%"
"11/19/2024","239.777","237.467","239.777","239.777","10983.85M","0.97%"
"11/20/2024","237.913","239.777","237.913","237.913","8433.37M","-0.78%"
"11/21/2024","236.04","237.913","236.04","236.04","8823.42M","-0.79%"
"11/22/2024","257.251","236.04","257.251","257.251","14028.64M","8.99%"
"11/23/2024","256.248","257.251","256.248","256.248","9312.49M","-0.39%"
"11/24/2024","254.699","256.248","254.699","254.699","8833.98M","-0.6%"
"11/25/2024","253.639","254.699","253.639","253.639","6901.35M","-0.42%"
"11/26/2024","234.538","253.639","234.538","234.538","8666.83M","-7.53%"
"11/27/2024","230.779","234.538","230.779","230.779","9750.67M","-1.6%"
"11/28/2024","242.467","230.779","242.467","242.467","7109.84M","5.06%"
"11/29/2024","237.653","242.467","237.653","237.653","5255.69M","-1.99%"
"11/30/2024","243.701","237.653","243.701","243.701","5755.03M","2.54%"
"12/01/2024","238.163","243.701","238.163","238.163","4804.5M","-2.27%"
"12/02/2024","237.547","238.163","237.547","237.547","5045.6M","-0.26%"
"12/03/2024","225.528","237.547","225.528","225.528","9899.6M","-5.06%"
"12/04/2024","234.993","225.528","234.993","234.993","10452.19M","4.2%"
"12/05/2024","229.067","234.993","229.067","229.067","8783.74M","-2.52%"
"12/06/2024","237.301","229.067","237.301","237.301","12602.23M","3.59%"
"12/07/2024","237.006","237.301","237.006","237.006","8922.63M","-0.12%"
"12/08/2024","238.893","237.006","238.893","238.893","5251.59M","0.8%"
